,AX,BX,NX,EX,EPX,Element,Length,Value,s(m),AY,BY,NY,EY,EPY,DetR,#,DX,DPX,DY,DPY,BeamSizeXm,BeamSizeYm
NUIN,-2.4187,37.098,0.0,0.42373,0.07196,NUIN,0.0,0.0,0.0,0.178,5.45,0.0,0.0,0.0,0.0,1.0,-0.0005,3.2e-05,-0.0002,7.8e-05,0.0030343703016357413,0.0011933978616818922
LFT00,-2.4187,37.098,0.0,0.42373,0.07196,LFT00,1.4926,1.4926,0.0,0.178,5.45,0.0,0.0,0.0,0.0,2.0,-0.0005,3.2e-05,-0.0002,7.8e-05,0.0030343703016357413,0.0011933978616818922
CT01,-2.6943,44.7299,0.00583,0.5311,0.07196,CT01,0.0,0.0,1.4926,-0.10455,5.34037,0.04462,-0.00012,0.0,0.0,3.0,-0.0005,3.2e-05,-0.0001,7.8e-05,0.0033450660961033257,0.0011813568916982091
LFT01,-2.6943,44.7299,0.00583,0.5311,0.07196,LFT01,0.20577,0.2057678,1.4926,-0.10455,5.34037,0.04462,-0.00012,0.0,0.0,4.0,-0.0005,3.2e-05,-0.0001,7.8e-05,0.0033450660961033257,0.0011813568916982091
SSEM01,-2.7323,45.8465,0.00656,0.5459,0.07196,SSEM01,0.0,0.0,1.698368,-0.1435,5.39141,0.05072,-0.00013,0.0,0.0,5.0,-0.0005,3.2e-05,-0.0001,7.8e-05,0.0033882051031248546,0.0011869919852488294
LFT02,-2.7323,45.8465,0.00656,0.5459,0.07196,LFT02,0.14882,0.1488167,1.698368,-0.1435,5.39141,0.05072,-0.00013,0.0,0.0,6.0,-0.0005,3.2e-05,-0.0001,7.8e-05,0.0033882051031248546,0.0011869919852488294
ESM01,-2.7598,46.6639,0.00707,0.55661,0.07196,ESM01,0.0,0.0,1.847185,-0.17167,5.43831,0.05509,-0.00014,0.0,0.0,7.0,-0.0005,3.2e-05,-9e-05,7.8e-05,0.0034194456750358156,0.0011921461718304883
LFT03,-2.7598,46.6639,0.00707,0.55661,0.07196,LFT03,0.50548,0.5054819,1.847185,-0.17167,5.43831,0.05509,-0.00014,0.0,0.0,8.0,-0.0005,3.2e-05,-9e-05,7.8e-05,0.0034194456750358156,0.0011921461718304883
BPV1,-2.8532,49.5012,0.00874,0.59297,0.07196,BPV1,1.0,0.0,2.352666,-0.26736,5.66023,0.06962,-0.00018,0.0,0.0,9.0,-0.0004,3.2e-05,-5e-05,7.8e-05,0.0035258058290288984,0.0012162343444391502
LFT04,-3.0378,55.3922,0.01178,0.6649,0.07196,LFT04,3.84996,3.8499597,3.352666,-0.45666,6.38425,0.09621,-0.00026,0.0,0.0,10.0,-0.0004,3.2e-05,2.9e-05,7.8e-05,0.00373723847216431,0.0012916938321878805
BPH2,-3.7487,81.5206,0.02091,0.94183,0.07196,BPH2,0.6,0.0,7.202626,-1.1854,12.7063,0.16651,-0.00056,0.0,0.0,11.0,-0.0003,3.2e-05,0.00033,7.8e-05,0.004560819874674593,0.0018223165927842915
LFT05,-3.8595,86.0856,0.02204,0.98498,0.07196,LFT05,0.35374,0.3537362,7.802626,-1.299,14.197,0.17362,-0.00061,1.3e-12,0.0,12.0,-0.0003,5.9e-05,0.00038,7.8e-05,0.004690207847260178,0.0019262520216183929
ESM02,-3.9249,88.8393,0.02269,1.01042,0.07196,ESM02,0.0,0.0,8.156362,-1.366,15.1397,0.17746,-0.00064,1.3e-12,0.0,13.0,-0.0002,5.9e-05,0.0004,7.8e-05,0.004766592375381298,0.001989179784887582
LFT06,-3.9249,88.8393,0.02269,1.01042,0.07196,LFT06,0.14761,0.1476076,8.156362,-1.366,15.1397,0.17746,-0.00064,1.3e-12,0.0,14.0,-0.0002,5.9e-05,0.0004,7.8e-05,0.004766592375381298,0.001989179784887582
SSEM02,-3.9521,90.002,0.02295,1.02103,0.07196,SSEM02,0.0,0.0,8.30397,-1.3939,15.5471,0.17899,-0.00065,1.3e-12,0.0,15.0,-0.0002,5.9e-05,0.00042,7.8e-05,0.00479848782989895,0.002015765659356342
LFT07,-3.9521,90.002,0.02295,1.02103,0.07196,LFT07,0.64851,0.6485108,8.30397,-1.3939,15.5471,0.17899,-0.00065,1.3e-12,0.0,16.0,-0.0002,5.9e-05,0.00042,7.8e-05,0.00479848782989895,0.002015765659356342
QPQ1,-4.0719,95.2057,0.02407,1.06767,0.07196,QPQ1,3.0,0.1696336,8.952481,-1.5167,17.4347,0.18526,-0.0007,1.3e-12,0.0,17.0,-0.0002,5.9e-05,0.00047,7.8e-05,0.004938763105502201,0.00213463113339837
LFT08,10.2335,72.7814,0.02933,1.00521,-0.11171,LFT08,1.59986,1.5998577,11.952481,-8.1899,42.4488,0.20439,-0.00118,-0.00015,2e-17,18.0,-3e-05,5.1e-05,0.00074,0.00011,0.004332484146186872,0.0033308154800263455
QPQ2,7.9095,43.7552,0.03384,0.82641,-0.11171,QPQ2,3.0,-0.1893406,13.552338,-10.755,72.7591,0.20897,-0.0016,-0.00015,1e-17,19.0,5.6e-05,5.1e-05,0.00092,0.00011,0.0033686471135644623,0.004360765545778107
LFT09,0.7263,21.8469,0.05082,0.70445,0.02673,LFT09,0.41418,0.4141757,16.552338,5.25366,93.3126,0.21423,-0.00172,0.000184,2e-16,20.0,0.00028,0.0001,0.0011,-9e-06,0.0024044211535259622,0.004938414446899792
ESM03,0.69734,21.2572,0.05388,0.71548,0.02673,ESM03,0.0,0.0,16.966514,5.12671,89.0133,0.21496,-0.00164,0.000184,2e-16,21.0,0.00032,0.0001,0.0011,-9e-06,0.0023758720936580976,0.004823298486733427
LFT10,0.69734,21.2572,0.05388,0.71548,0.02673,LFT10,0.14823,0.1482295,16.966514,5.12671,89.0133,0.21496,-0.00164,0.000184,2e-16,22.0,0.00032,0.0001,0.0011,-9e-06,0.0023758720936580976,0.004823298486733427
SSEM03,0.68698,21.052,0.055,0.71943,0.02673,SSEM03,0.0,0.0,17.114744,5.08128,87.5002,0.21522,-0.00161,0.000184,2e-16,23.0,0.00033,0.0001,0.0011,-9e-06,0.0023658588375692776,0.004782124585971157
LFT11,0.68698,21.052,0.055,0.71943,0.02673,LFT11,0.58722,0.5872163,17.114744,5.08128,87.5002,0.21522,-0.00161,0.000184,2e-16,24.0,0.00033,0.0001,0.0011,-9e-06,0.0023658588375692776,0.004782124585971157
BPD1,0.64592,20.2693,0.05952,0.73506,0.02673,BPD1,3.00014,0.033547,17.70196,4.90129,81.6383,0.21633,-0.00149,0.000184,2e-16,25.0,0.0004,0.0001,0.0011,-9e-06,0.002327289231235408,0.004619151182471221
LFT12,0.43619,17.0235,0.08533,0.86546,0.06028,LFT12,0.53718,0.5371789,20.702101,4.00198,54.9118,0.22346,-0.00091,0.000185,-2e-14,26.0,0.0005,-4e-05,0.001,-1e-05,0.0021711875318818187,0.0037882688456177386
ESM04,0.39863,16.575,0.09042,0.89786,0.06028,ESM04,0.0,0.0,21.23928,3.83552,50.7016,0.22508,-0.00081,0.000185,-2e-14,27.0,0.00048,-4e-05,0.001,-1e-05,0.002151174118161942,0.003640134310948295
LFT13,0.39863,16.575,0.09042,0.89786,0.06028,LFT13,0.66362,0.6636177,21.23928,3.83552,50.7016,0.22508,-0.00081,0.000185,-2e-14,28.0,0.00048,-4e-05,0.001,-1e-05,0.002151174118161942,0.003640134310948295
BPD2,0.35224,16.0767,0.0969,0.93789,0.06028,BPD2,3.00014,0.0331655,21.902897,3.62988,45.7475,0.22728,-0.00068,0.000185,-2e-14,29.0,0.00045,-4e-05,0.001,-1e-05,0.0021293177012781843,0.003457703296381574
LFT14,0.14251,14.5927,0.12827,1.16846,0.09345,LFT14,0.76684,0.7668429,24.903035,2.70946,26.7181,0.24095,-9.1e-05,0.000186,2e-13,30.0,0.00045,3.4e-05,0.001,-1e-05,0.0020836421824767777,0.0026423652087521963
ESM05,0.08889,14.4153,0.13669,1.2401,0.09345,ESM05,0.0,0.0,25.669878,2.47005,22.7462,0.2459,5.92e-05,0.000186,2e-13,31.0,0.00048,3.4e-05,0.00099,-1e-05,0.0020866874205064333,0.0024380572621288473
LFT15,0.08889,14.4153,0.13669,1.2401,0.09345,LFT15,0.14861,0.1486059,25.669878,2.47005,22.7462,0.2459,5.92e-05,0.000186,2e-13,32.0,0.00048,3.4e-05,0.00099,-1e-05,0.0020866874205064333,0.0024380572621288473
SSEM04,0.0785,14.3904,0.13833,1.25398,0.09345,SSEM04,0.0,0.0,25.818484,2.42366,22.019,0.24696,8.82e-05,0.000186,2e-13,33.0,0.00048,3.4e-05,0.00099,-1e-05,0.0020878767781505264,0.002398772289487958
LFT16,0.0785,14.3904,0.13833,1.25398,0.09345,LFT16,0.186,0.186,25.818484,2.42366,22.019,0.24696,8.82e-05,0.000186,2e-13,34.0,0.00048,3.4e-05,0.00099,-1e-05,0.0020878767781505264,0.002398772289487958
CT02,0.06549,14.3636,0.14039,1.27136,0.09345,CT02,0.0,0.0,26.004484,2.36559,21.1282,0.24833,0.000125,0.000186,2e-13,35.0,0.00049,3.4e-05,0.00099,-1e-05,0.0020896415198841693,0.002349756579794293
LFT17,0.06549,14.3636,0.14039,1.27136,0.09345,LFT17,4.11797,4.1179729,26.004484,2.36559,21.1282,0.24833,0.000125,0.000186,2e-13,36.0,0.00049,3.4e-05,0.00099,-1e-05,0.0020896415198841693,0.002349756579794293
SSEM05,-0.22243,15.0099,0.18563,1.65604,0.09345,SSEM05,0.0,0.0,30.122456,1.08,6.93934,0.30356,0.000929,0.000186,2e-13,37.0,0.00063,3.4e-05,0.00095,-1e-05,0.0022074131957782843,0.0013468091731655741
LFT18,-0.22243,15.0099,0.18563,1.65604,0.09345,LFT18,2.41079,2.4107871,30.122456,1.08,6.93934,0.30356,0.000929,0.000186,2e-13,38.0,0.00063,3.4e-05,0.00095,-1e-05,0.0022074131957782843,0.0013468091731655741
SSEM06,-0.39099,16.4887,0.21012,1.88125,0.09345,SSEM06,0.0,0.0,32.533244,0.32737,3.54646,0.38433,0.0014,0.000186,2e-13,39.0,0.00071,3.4e-05,0.00092,-1e-05,0.0023427084335180736,0.0009629662365077318
LFT19,-0.39099,16.4887,0.21012,1.88125,0.09345,LFT19,0.14668,0.1466786,32.533244,0.32737,3.54646,0.38433,0.0014,0.000186,2e-13,40.0,0.00071,3.4e-05,0.00092,-1e-05,0.0023427084335180736,0.0009629662365077318
ESM06,-0.40124,16.6049,0.21153,1.89495,0.09345,ESM06,0.0,0.0,32.679922,0.28158,3.45714,0.39099,0.00143,0.000186,2e-13,41.0,0.00071,3.4e-05,0.00092,-1e-05,0.0023523659757149766,0.0009507716079970627
LFT20,-0.40124,16.6049,0.21153,1.89495,0.09345,LFT20,0.57408,0.5740789,32.679922,0.28158,3.45714,0.39099,0.00143,0.000186,2e-13,42.0,0.00071,3.4e-05,0.00092,-1e-05,0.0023523659757149766,0.0009507716079970627
QPQ3,-0.44138,17.0886,0.21695,1.94858,0.09345,QPQ3,1.5,0.1012704,33.254001,0.10236,3.23673,0.41844,0.00154,0.000186,2e-13,43.0,0.00073,3.4e-05,0.00092,-1e-05,0.0023916294944320866,0.0009199955512532961
LFT21,1.15205,15.9651,0.23106,1.93908,-0.10593,LFT21,3.14988,3.1498828,34.754001,-0.74411,4.1534,0.48735,0.00187,0.000357,-3e-13,44.0,0.00075,-9e-06,0.00099,0.00012,0.0023228037056070108,0.00104218418251383
BPV2,0.6929,10.1538,0.27085,1.60543,-0.10593,BPV2,1.0,0.0,37.903884,-1.9224,12.5526,0.55919,0.00262,0.000357,-3e-13,45.0,0.00073,-9e-06,0.0014,0.00012,0.0018642277533220887,0.001811675440876322
LFT22,0.54713,8.91378,0.28761,1.49951,-0.10593,LFT22,0.3549,0.3549042,38.903884,-2.2964,16.7715,0.57017,0.00281,0.000357,-3e-13,46.0,0.00072,-9e-06,0.0015,0.00023,0.0017457482477142665,0.0020940649472097673
ESM07,0.4954,8.54378,0.29408,1.46192,-0.10593,ESM07,0.0,0.0,39.258788,-2.4292,18.4487,0.57338,0.00286,0.000357,-3e-13,47.0,0.00071,-9e-06,0.0016,0.00023,0.0017079043090281658,0.0021962576139451747
LFT23,0.4954,8.54378,0.29408,1.46192,-0.10593,LFT23,0.14682,0.1468165,39.258788,-2.4292,18.4487,0.57338,0.00286,0.000357,-3e-13,48.0,0.00071,-9e-06,0.0016,0.00023,0.0017079043090281658,0.0021962576139451747
SSEM07,0.47399,8.40146,0.29684,1.44636,-0.10593,SSEM07,0.0,0.0,39.405605,-2.4841,19.1701,0.57463,0.00287,0.000357,-3e-13,49.0,0.00071,-9e-06,0.0016,0.00023,0.0016929546496747584,0.0022387770991894214
LFT24,0.47399,8.40146,0.29684,1.44636,-0.10593,LFT24,0.58792,0.5879227,39.405605,-2.4841,19.1701,0.57463,0.00287,0.000357,-3e-13,50.0,0.00071,-9e-06,0.0016,0.00023,0.0016929546496747584,0.0022387770991894214
QPQ4,0.38829,7.8945,0.30834,1.38409,-0.10593,QPQ4,3.0,-0.1774103,39.993527,-2.7041,22.2204,0.57916,0.00295,0.000357,-3e-13,51.0,0.00071,-9e-06,0.0018,0.00023,0.0016374904923698319,0.0024102910536596125
LFT25,-1.6826,11.2094,0.3649,1.42203,0.13251,LFT25,0.63765,0.6376493,42.993527,1.61915,26.2094,0.59728,0.00302,-0.00018,-9e-13,52.0,0.00096,0.00019,0.002,-0.0001,0.001905778704971337,0.00261767675297186
ESM08,-1.9006,13.4943,0.37316,1.50641,0.13251,ESM08,0.0,0.0,43.631177,1.53104,24.2007,0.60131,0.00296,-0.00018,-9e-13,53.0,0.0011,0.00019,0.0019,-0.0001,0.002080243046968642,0.0025153801366032697
LFT26,-1.9006,13.4943,0.37316,1.50641,0.13251,LFT26,0.1484,0.1483962,43.631177,1.53104,24.2007,0.60131,0.00296,-0.00018,-9e-13,54.0,0.0011,0.00019,0.0019,-0.0001,0.002080243046968642,0.0025153801366032697
SSEM08,-1.9513,14.0659,0.37487,1.52605,0.13251,SSEM08,0.0,0.0,43.779573,1.51053,23.7493,0.60229,0.00295,-0.00018,-9e-13,55.0,0.0011,0.00019,0.0019,-0.0001,0.002121457899822765,0.002491816242147155
LFT27,-1.9513,14.0659,0.37487,1.52605,0.13251,LFT27,3.87515,3.8751541,43.779573,1.51053,23.7493,0.60229,0.00295,-0.00018,-9e-13,56.0,0.0011,0.00019,0.0019,-0.0001,0.002121457899822765,0.002491816242147155
SSEM09,-3.2758,34.3222,0.40309,2.03882,0.13251,SSEM09,0.0,0.0,47.654727,0.97506,14.1173,0.63623,0.00263,-0.00018,-9e-13,57.0,0.0018,0.00019,0.0015,-0.0001,0.003244893070705707,0.001921243372238895
LFT28,-3.2758,34.3222,0.40309,2.03882,0.13251,LFT28,0.89963,0.899625,47.654727,0.97506,14.1173,0.63623,0.00263,-0.00018,-9e-13,58.0,0.0018,0.00019,0.0015,-0.0001,0.003244893070705707,0.001921243372238895
BPH3,-3.5833,40.4929,0.40693,2.15786,0.13251,BPH3,1.0,0.0,48.554352,0.85075,12.4747,0.64703,0.00256,-0.00018,-8e-13,59.0,0.002,0.00019,0.0014,-0.0001,0.0035132077652443297,0.0018060372914427555
LFT29,-3.9251,48.0015,0.41054,2.29018,0.13251,LFT29,0.79976,0.7997574,49.554352,0.71257,10.9114,0.66069,0.00247,-0.00018,-8e-13,60.0,0.0022,0.0002,0.0013,-0.0001,0.0038132395192011555,0.0016891027685596222
QPQ5,-4.1985,54.4985,0.41303,2.39599,0.13251,QPQ5,2.0,0.1739606,50.354109,0.60206,9.8601,0.67297,0.00241,-0.00018,-8e-13,61.0,0.0024,0.0002,0.0013,-0.0001,0.0040542620514377545,0.0016056759853348213
LFT30,5.29343,52.0136,0.41867,2.24106,-0.28292,LFT30,0.50927,0.5092727,52.354109,-1.4149,11.3202,0.70509,0.00243,0.000234,-5e-13,62.0,0.0024,-0.0002,0.0013,0.00014,0.003940821049533218,0.0017204344749871842
ESM09,5.00928,46.7667,0.42031,2.09707,-0.28292,ESM09,0.0,0.0,52.863382,-1.5499,12.8302,0.71182,0.00248,0.000234,-5e-13,63.0,0.0023,-0.0002,0.0014,0.00014,0.003731183490714967,0.0018315616923530067
LFT31,5.00928,46.7667,0.42031,2.09707,-0.28292,LFT31,0.1435,0.1435,52.863382,-1.5499,12.8302,0.71182,0.00248,0.000234,-5e-13,64.0,0.0023,-0.0002,0.0014,0.00014,0.003731183490714967,0.0018315616923530067
CT03,4.92922,45.3406,0.42081,2.0565,-0.28292,CT03,0.0,0.0,53.006882,-1.588,13.2805,0.71357,0.00249,0.000234,-5e-13,65.0,0.0022,-0.0002,0.0014,0.00014,0.0036721812971970418,0.0018634199704966113
LFT32,4.92922,45.3406,0.42081,2.0565,-0.28292,LFT32,1.9763,1.9762962,53.006882,-1.588,13.2805,0.71357,0.00249,0.000234,-5e-13,66.0,0.0022,-0.0002,0.0014,0.00014,0.0036721812971970418,0.0018634199704966113
SCCELLIN01,3.82657,28.0365,0.42963,1.49775,-0.28292,SCCELLIN01,0.0,0.0,54.983178,-2.1121,20.5931,0.73264,0.00268,0.000234,-5e-13,67.0,0.0018,-0.0002,0.0016,0.00014,0.0028637610179410426,0.0023203234863898026
LFT33,3.82657,28.0365,0.42963,1.49775,-0.28292,LFT33,1.40012,1.4001171,54.983178,-2.1121,20.5931,0.73264,0.00268,0.000234,-5e-13,68.0,0.0018,-0.0002,0.0016,0.00014,0.0028637610179410426,0.0023203234863898026
MSDX.1,3.04539,18.415,0.43945,1.1019,-0.28292,MSDX.1,3.30033,-0.3617,56.383295,-2.4834,27.0274,0.74209,0.00282,0.000234,-5e-13,69.0,0.0016,-0.0002,0.0018,0.00014,0.002298532360773711,0.00265816147410852
LFT34,-3.2978,19.0263,0.4738,0.77936,0.06938,LFT34,1.1,1.0999992,59.683624,4.78377,13.6015,0.76431,0.00254,-0.00078,-4e-10,70.0,0.0018,0.00035,0.0012,-0.0005,0.0022682336328780865,0.0018858125974137178
MSFX.1,-3.9844,27.0368,0.48152,0.85528,0.06938,MSFX.1,3.30037,0.3617,60.783623,2.85216,5.20205,0.78518,0.00221,-0.00078,-4e-10,71.0,0.0022,0.00035,0.00067,-0.0005,0.002689133645763741,0.0011663774972622291
LFT35,5.2175,19.858,0.49988,0.65423,-0.17943,LFT35,1.01745,1.0174546,64.08399,-2.6181,4.6347,1.13307,0.00237,-3.3e-05,2e-10,72.0,0.0019,-0.0005,-0.0008,-0.0005,0.0022888836059143554,0.0011009929823294702
ESM10,3.77149,10.7121,0.511,0.47215,-0.17943,ESM10,0.0,0.0,65.101445,-4.3424,11.7168,1.15511,0.00285,-3.3e-05,2e-10,73.0,0.0014,-0.0005,-0.0013,-0.0005,0.0016794296893903433,0.0017503820081999498
LFT36,3.77149,10.7121,0.511,0.47215,-0.17943,LFT36,0.38266,0.3826625,65.101445,-4.3424,11.7168,1.15511,0.00285,-3.3e-05,2e-10,74.0,0.0014,-0.0005,-0.0013,-0.0005,0.0016794296893903433,0.0017503820081999498
SSEM10,3.22765,8.0338,0.51756,0.40368,-0.17943,SSEM10,0.0,0.0,65.484107,-4.9909,15.2883,1.15967,0.00303,-3.3e-05,2e-10,75.0,0.0013,-0.0005,-0.0015,-0.0005,0.0014533609728083316,0.0019993971380185814
LFT37,3.22765,8.0338,0.51756,0.40368,-0.17943,LFT37,1.40012,1.4001171,65.484107,-4.9909,15.2883,1.15967,0.00303,-3.3e-05,2e-10,76.0,0.0013,-0.0005,-0.0015,-0.0005,0.0014533609728083316,0.0019993971380185814
MSDX.2,1.23779,1.78167,0.5779,0.15313,-0.17943,MSDX.2,3.30033,-0.3617,66.884225,-7.3638,32.5865,1.16966,0.0037,-3.3e-05,2e-10,77.0,0.00058,-0.0005,-0.0022,-0.0005,0.0006770317366063303,0.002918878479366784
LFT38,-5.1657,11.291,0.90193,-0.37468,-0.17121,LFT38,1.1,1.0999992,70.184553,6.63212,36.8598,1.18192,0.00153,-0.00121,-5e-09,78.0,-0.001,-0.0006,-0.0024,0.00043,0.001702205441536153,0.003103890729031833
MSFX.2,-7.8629,25.6226,0.91223,-0.5624,-0.17121,MSFX.2,3.30037,0.3617,71.284552,5.28964,23.7458,1.18784,-0.00028,-0.00121,-5e-09,79.0,-0.0016,-0.0006,-0.0019,0.00043,0.0025638216531105595,0.002491098587350508
LFT39,5.04021,42.0515,0.92518,-0.63713,0.12998,LFT39,1.40012,1.4001171,74.58492,-1.4445,14.4248,1.2226,-0.00602,-0.00228,-9e-09,80.0,-0.0022,0.00022,-0.0014,-0.0001,0.0032678088238397357,0.0019427262155782548
SCCELLIN03,4.16109,29.1686,0.93154,-0.45545,0.12998,SCCELLIN03,0.0,0.0,75.985037,-1.7441,18.8894,1.23612,-0.00906,-0.00228,-9e-09,81.0,-0.0019,0.00022,-0.0016,-0.0001,0.002706561095223575,0.0022235716922279396
LFT40,4.16109,29.1686,0.93154,-0.45545,0.12998,LFT40,1.40012,1.4001171,75.985037,-1.7441,18.8894,1.23612,-0.00906,-0.00228,-9e-09,82.0,-0.0019,0.00022,-0.0016,-0.0001,0.002706561095223575,0.0022235716922279396
MSDX.3,3.28197,18.7475,0.94107,-0.27378,0.12998,MSDX.3,3.30033,-0.3617,77.385154,-2.0438,24.1931,1.24655,-0.0121,-0.00228,-9e-09,83.0,-0.0016,0.00022,-0.0017,-0.0001,0.002151585597212669,0.002516812546958345
LFT41,-2.9403,17.9203,0.97616,0.15696,0.1553,LFT41,1.1,1.0999992,80.685483,4.20651,11.5721,1.27204,-0.01221,0.00259,-5e-09,84.0,-0.0018,-0.0003,-0.0011,0.00046,0.002081441143689772,0.0017414176401655053
MSFX.3,-3.5323,25.0402,0.98443,0.32815,0.1553,MSFX.3,3.30037,0.3617,81.785482,2.42947,4.27257,1.29704,-0.00986,0.00259,-5e-09,85.0,-0.0021,-0.0003,-0.0006,0.00046,0.0024889503032261588,0.0010586223381677908
LFT42,4.78918,17.7252,1.00464,0.64121,0.01601,LFT42,1.40012,1.4001171,85.085849,-2.9102,5.43813,1.64067,-0.00769,-0.00027,-2e-09,86.0,-0.0018,0.00048,0.0009,0.00051,0.0021671036609474696,0.001193635567941287
MSXD03,2.89845,6.96166,1.02475,0.66297,0.01601,MSXD03,0.0,0.0,86.485966,-5.3483,17.0012,1.66392,-0.00879,-0.00027,-2e-09,87.0,-0.0012,0.00048,0.0016,0.00051,0.0014103497442018566,0.0021095463889204288
BSND03,2.89845,6.96166,1.02475,0.66297,0.01601,BSND03,0.0,0.0,86.485966,-5.3483,17.0012,1.66392,-0.00879,-0.00027,-2e-09,88.0,-0.0012,0.00048,0.0016,0.00051,0.0014103497442018566,0.0021095463889204288
BSSD03,2.89845,6.96166,1.02475,0.66297,0.01601,BSSD03,0.0,0.0,86.485966,-5.3483,17.0012,1.66392,-0.00879,-0.00027,-2e-09,89.0,-0.0012,0.00048,0.0016,0.00051,0.0014103497442018566,0.0021095463889204288
LFT43,2.89845,6.96166,1.02475,0.66297,0.01601,LFT43,1.40012,1.4001171,86.485966,-5.3483,17.0012,1.66392,-0.00879,-0.00027,-2e-09,90.0,-0.0012,0.00048,0.0016,0.00051,0.0014103497442018566,0.0021095463889204288
MSDX.4,1.00773,1.49254,1.09626,0.68472,0.01601,MSDX.4,3.30033,-0.3617,87.886083,-7.7864,35.3915,1.67301,-0.00989,-0.00027,-2e-09,91.0,-0.0005,0.00048,0.0023,0.00051,0.0007285804369681814,0.0030431210382133615
LFT44,-5.519,12.4146,1.40562,1.28524,0.38277,LFT44,1.1,1.0999992,91.186412,7.20069,38.8069,1.68448,-0.00517,0.00291,-2e-10,92.0,0.0011,0.00057,0.0024,-0.0005,0.001963359824690152,0.0031855380308772265
MSFX.4,-8.3065,27.6227,1.41508,1.70566,0.38277,MSFX.4,3.30037,0.3617,92.286411,5.70264,24.6133,1.69015,-0.00146,0.00291,-2e-10,93.0,0.0017,0.00057,0.0019,-0.0005,0.002886350611233243,0.0025364244194936944
LFT45,5.46991,44.1377,1.42725,1.8792,-0.28756,LFT45,1.01745,1.0174546,95.586779,-1.1566,13.5917,1.72533,0.01007,0.00437,-6e-11,94.0,0.0023,-0.0002,0.0014,8e-05,0.00359317536786505,0.0018866385922575212
ESM11,4.75715,33.7321,1.43144,1.58687,-0.28756,ESM11,0.0,0.0,96.604233,-1.3316,16.1233,1.73628,0.01444,0.00437,-6e-11,95.0,0.002,-0.0002,0.0014,8e-05,0.0031300089011066477,0.002055538236053528
LFT46,4.75715,33.7321,1.43144,1.58687,-0.28756,LFT46,0.38266,0.3826625,96.604233,-1.3316,16.1233,1.73628,0.01444,0.00437,-6e-11,96.0,0.002,-0.0002,0.0014,8e-05,0.0031300089011066477,0.002055538236053528
SSEM11,4.48908,30.1939,1.43335,1.47693,-0.28756,SSEM11,0.0,0.0,96.986896,-1.3974,17.1676,1.73994,0.01608,0.00437,-6e-11,97.0,0.002,-0.0002,0.0015,8e-05,0.002956425023633402,0.002121297479150922
LFT47,4.48908,30.1939,1.43335,1.47693,-0.28756,LFT47,1.40012,1.4001171,96.986896,-1.3974,17.1676,1.73994,0.01608,0.00437,-6e-11,98.0,0.002,-0.0002,0.0015,8e-05,0.002956425023633402,0.002121297479150922
MSDX.5,3.50826,18.9967,1.44266,1.07465,-0.28756,MSDX.5,3.30033,-0.3617,98.387013,-1.6382,21.4179,1.75157,0.02209,0.00437,-6e-11,99.0,0.0016,-0.0002,0.0016,8e-05,0.0023256517826246294,0.0023702045117386726
LFT48,-2.5876,16.7678,1.47872,0.71583,0.04989,LFT48,1.1,1.0999992,101.687341,3.64563,9.70205,1.78121,0.02238,-0.00461,1e-11,100.0,0.0017,0.0003,0.00094,-0.0004,0.002126202025304857,0.001596752973386265
MSFX.5,-3.0924,23.0159,1.48763,0.77038,0.04989,MSFX.5,3.30037,0.3617,102.787341,2.02539,3.46393,1.81159,0.01779,-0.00461,1e-11,101.0,0.002,0.0003,0.00046,-0.0004,0.0024773810003408947,0.000954975861092716
LFT49,4.35636,15.6578,1.51007,0.56339,-0.16323,LFT49,1.40012,1.4001171,106.087708,-3.1934,6.29567,2.1472,0.01268,0.000356,1e-09,102.0,0.0017,-0.0005,-0.001,-0.0005,0.002028948671652635,0.0012851860168507756
SCCELLIN06,2.56994,5.96018,1.53322,0.3355,-0.16323,SCCELLIN06,0.0,0.0,107.487825,-5.6837,18.7247,2.16778,0.01391,0.000356,1e-09,103.0,0.0011,-0.0005,-0.0017,-0.0005,0.001249381933271266,0.002214829766534273
LFT50,2.56994,5.96018,1.53322,0.3355,-0.16323,LFT50,1.40012,1.4001171,107.487825,-5.6837,18.7247,2.16778,0.01391,0.000356,1e-09,104.0,0.0011,-0.0005,-0.0017,-0.0005,0.001249381933271266,0.002214829766534273
MSDX.6,0.78353,1.26492,1.61838,0.10761,-0.16323,MSDX.6,3.30033,-0.3617,108.887942,-8.174,38.1272,2.17613,0.01513,0.000356,1e-09,105.0,0.00044,-0.0005,-0.0024,-0.0005,0.0005661799305626353,0.0031595195900188415
LFT51,-5.8661,13.5695,1.90902,-0.38509,-0.16416,LFT51,1.1,1.0999992,112.188271,7.75199,40.594,2.18693,0.00773,-0.00442,-4e-09,106.0,-0.0011,-0.0006,-0.0025,0.00048,0.001860934504607731,0.0032585487066379283
MSFX.6,-8.7367,29.6327,1.91776,-0.56502,-0.16416,MSFX.6,3.30037,0.3617,113.28827,6.09651,25.3606,2.19239,0.00234,-0.00442,-4e-09,107.0,-0.0018,-0.0006,-0.002,0.00048,0.0027491965646755595,0.002574817222182414
LFT52,5.89841,46.152,1.92925,-0.61956,0.13398,LFT52,1.01745,1.0174546,116.588637,-0.8799,12.7147,2.22823,-0.01472,-0.00648,-9e-09,108.0,-0.0024,0.00026,-0.0013,-5e-05,0.003413840759482463,0.0018257491542089574
ESM12,5.10937,34.952,1.93328,-0.4835,0.13398,ESM12,0.0,0.0,117.606092,-1.0218,14.6496,2.24011,-0.02126,-0.00648,-9e-09,109.0,-0.0021,0.00026,-0.0014,-5e-05,0.0029597426403649087,0.001960846657830387
LFT53,5.10937,34.952,1.93328,-0.4835,0.13398,LFT53,0.38266,0.3826625,117.606092,-1.0218,14.6496,2.24011,-0.02126,-0.00648,-9e-09,110.0,-0.0021,0.00026,-0.0014,-5e-05,0.0029597426403649087,0.001960846657830387
SCCELLIN07,4.81261,31.1553,1.93513,-0.43233,0.13398,SCCELLIN07,0.0,0.0,117.988755,-1.0752,15.4521,2.24416,-0.02372,-0.00648,-9e-09,111.0,-0.002,0.00026,-0.0014,-5e-05,0.002789536150269829,0.0020142142847006336
LFT54,4.81261,31.1553,1.93513,-0.43233,0.13398,LFT54,1.40012,1.4001171,117.988755,-1.0752,15.4521,2.24416,-0.02372,-0.00648,-9e-09,112.0,-0.002,0.00026,-0.0014,-5e-05,0.002789536150269829,0.0020142142847006336
MSDX.7,3.72681,19.1991,1.94424,-0.2451,0.13398,MSDX.7,3.30033,-0.3617,119.388872,-1.2706,18.7367,2.25727,-0.03272,-0.00648,-9e-09,113.0,-0.0016,0.00026,-0.0015,-5e-05,0.0021709549152196805,0.0022192998777222925
LFT55,-2.2507,15.6256,1.98141,0.22033,0.17436,LFT55,1.1,1.0999992,122.6892,3.10811,8.01357,2.29221,-0.03282,0.00679,-6e-09,114.0,-0.0017,-0.0003,-0.0008,0.00041,0.0019583649948309114,0.0014536688771633968
MSFX.7,-2.6777,21.0469,1.99107,0.41243,0.17436,MSFX.7,3.30037,0.3617,123.789199,1.6448,2.78538,2.32961,-0.02579,0.00679,-6e-09,115.0,-0.002,-0.0003,-0.0004,0.00041,0.0023041881997066175,0.0008583162210099261
LFT56,3.93498,13.7293,2.01615,0.73065,-0.0002,LFT56,1.40012,1.4001171,127.089567,-3.4627,7.19247,2.65287,-0.01712,-0.0002,-2e-09,116.0,-0.0016,0.00045,0.001,0.00052,0.001940520722973977,0.0013743870360600294
MSXD07,2.25394,5.06416,2.043,0.72974,-0.0002,MSXD07,0.0,0.0,128.489684,-5.9915,20.4296,2.67129,-0.01813,-0.0002,-2e-09,117.0,-0.001,0.00045,0.0018,0.00052,0.0012357445148540773,0.0023141845614100013
BSND07,2.25394,5.06416,2.043,0.72974,-0.0002,BSND07,0.0,0.0,128.489684,-5.9915,20.4296,2.67129,-0.01813,-0.0002,-2e-09,118.0,-0.001,0.00045,0.0018,0.00052,0.0012357445148540773,0.0023141845614100013
BSSD07,2.25394,5.06416,2.043,0.72974,-0.0002,BSSD07,0.0,0.0,128.489684,-5.9915,20.4296,2.67129,-0.01813,-0.0002,-2e-09,119.0,-0.001,0.00045,0.0018,0.00052,0.0012357445148540773,0.0023141845614100013
LFT57,2.25394,5.06416,2.043,0.72974,-0.0002,LFT57,1.40012,1.4001171,128.489684,-5.9915,20.4296,2.67129,-0.01813,-0.0002,-2e-09,120.0,-0.001,0.00045,0.0018,0.00052,0.0012357445148540773,0.0023141845614100013
MSDX.8,0.5729,1.10625,2.14374,0.72883,-0.0002,MSDX.8,3.30033,-0.3617,129.889801,-8.5203,40.7479,2.67902,-0.01915,-0.0002,-2e-09,121.0,-0.0004,0.00045,0.0025,0.00052,0.0006551191816474823,0.003267002269079075
LFT58,-6.1966,14.7216,2.41212,1.2933,0.3751,LFT58,1.1,1.0999992,133.19013,8.27444,42.1795,2.68927,-0.00916,0.00568,-4e-10,122.0,0.0012,0.00059,0.0025,-0.0005,0.002116763592296321,0.0033218286419013747
MSFX.8,-9.1405,31.5925,2.42024,1.70526,0.3751,MSFX.8,3.30037,0.3617,134.290129,6.46283,25.9685,2.69456,-0.00235,0.00568,-4e-10,123.0,0.0019,0.00059,0.002,-0.0005,0.003063025383787411,0.002605487119967216
LFT59,6.31875,48.0212,2.43115,1.85858,-0.29095,LFT59,1.40012,1.4001171,137.590496,-0.61813,11.7985,2.73136,0.01989,0.0086,-3e-10,124.0,0.0024,-0.0003,0.0013,2.2e-05,0.00372761060475254,0.001759882666389679
MSXD08,5.12549,31.998,2.43683,1.45161,-0.29095,MSXD08,0.0,0.0,138.990613,-0.78214,13.759,2.74888,0.0319,0.0086,-3e-10,125.0,0.002,-0.0003,0.0013,2.2e-05,0.0030297054325684634,0.0019025676499131977
BSND08,5.12549,31.998,2.43683,1.45161,-0.29095,BSND08,0.0,0.0,138.990613,-0.78214,13.759,2.74888,0.0319,0.0086,-3e-10,126.0,0.002,-0.0003,0.0013,2.2e-05,0.0030297054325684634,0.0019025676499131977
BSSD08,5.12549,31.998,2.43683,1.45161,-0.29095,BSSD08,0.0,0.0,138.990613,-0.78214,13.759,2.74888,0.0319,0.0086,-3e-10,127.0,0.002,-0.0003,0.0013,2.2e-05,0.0030297054325684634,0.0019025676499131977
LFT60,5.12549,31.998,2.43683,1.45161,-0.29095,LFT60,1.40012,1.4001171,138.990613,-0.78214,13.759,2.74888,0.0319,0.0086,-3e-10,128.0,0.002,-0.0003,0.0013,2.2e-05,0.0030297054325684634,0.0019025676499131977
MSDX.9,3.93222,19.3161,2.4458,1.04464,-0.29095,MSDX.9,3.30033,-0.3617,140.39073,-0.94615,16.1788,2.76384,0.0439,0.0086,-3e-10,129.0,0.0016,-0.0003,0.0013,2.2e-05,0.0023373195538447535,0.002064960362053794
LFT61,-1.9236,14.4533,2.48436,0.65268,0.03126,LFT61,1.1,1.0999992,143.691059,2.59998,6.52671,2.80565,0.04361,-0.00915,3e-10,130.0,0.0016,0.00025,0.00066,-0.0004,0.0019716280224808857,0.0013146957313726656
MSFX.9,-2.2814,19.0789,2.49491,0.68678,0.03126,MSFX.9,3.30037,0.3617,144.791058,1.29214,2.24538,2.85204,0.03396,-0.00915,3e-10,131.0,0.0019,0.00025,0.00024,-0.0004,0.0022526375654520906,0.0007727990256743692
LFT62,3.51504,11.8969,2.52324,0.47539,-0.14702,LFT62,1.40012,1.4001171,148.091426,-3.7161,8.12212,3.15787,0.02112,-0.00018,1.7e-09,132.0,0.0015,-0.0004,-0.0011,-0.0005,0.0017654310050092064,0.0014610964723318306
SCCELLIN10,1.94326,4.25464,2.55477,0.27016,-0.14702,SCCELLIN10,0.0,0.0,149.491543,-6.2691,22.1027,3.17453,0.0216,-0.00018,1.7e-09,133.0,0.00092,-0.0004,-0.0019,-0.0005,0.0010529333972805316,0.0024076294638882465
LFT63,1.94326,4.25464,2.55477,0.27016,-0.14702,LFT63,1.40012,1.4001171,149.491543,-6.2691,22.1027,3.17453,0.0216,-0.00018,1.7e-09,134.0,0.00092,-0.0004,-0.0019,-0.0005,0.0010529333972805316,0.0024076294638882465
MSDX.10,0.37149,1.01372,2.67252,0.06493,-0.14702,MSDX.10,3.30033,-0.3617,150.89166,-8.8221,43.2322,3.18175,0.02208,-0.00018,1.7e-09,135.0,0.0003,-0.0004,-0.0026,-0.0005,0.0005005704907370078,0.003365588196079189
LFT64,-6.5151,15.8871,2.91501,-0.39081,-0.15587,LFT64,1.1,1.0999992,154.191988,8.76624,43.5621,3.19154,0.00942,-0.00671,-4e-09,136.0,-0.0013,-0.0006,-0.0026,0.00053,0.0020084156804034982,0.0033758569614059934
MSFX.10,-9.5233,33.5295,2.9226,-0.56161,-0.15587,MSFX.10,3.30037,0.3617,155.291988,6.8005,26.4387,3.1967,0.00146,-0.00671,-4e-09,137.0,-0.0019,-0.0006,-0.002,0.00053,0.002916496277982523,0.0026287868676870287
LFT65,6.73051,49.7841,2.93299,-0.59594,0.13677,LFT65,1.01745,1.0174546,158.592355,-0.37429,10.8604,3.23472,-0.02557,-0.01068,-9e-09,138.0,-0.0025,0.0003,-0.0012,6.3e-06,0.0035361222202979865,0.0016897685147262416
ESM13,5.78427,37.0508,2.93676,-0.45709,0.13677,ESM13,0.0,0.0,159.60981,-0.4811,11.7307,3.24909,-0.03645,-0.01068,-9e-09,139.0,-0.0022,0.0003,-0.0012,6.3e-06,0.0030391674606341673,0.001758145169530818
LFT66,5.78427,37.0508,2.93676,-0.45709,0.13677,LFT66,0.38266,0.3826625,159.60981,-0.4811,11.7307,3.24909,-0.03645,-0.01068,-9e-09,140.0,-0.0022,0.0003,-0.0012,6.3e-06,0.0030391674606341673,0.001758145169530818
SSEM12,5.42839,32.7602,2.93851,-0.40486,0.13677,SSEM12,0.0,0.0,159.992472,-0.52127,12.1143,3.2542,-0.04054,-0.01068,-9e-09,141.0,-0.0021,0.0003,-0.0012,6.3e-06,0.00285279170647559,0.0017873578114792324
LFT67,5.42839,32.7602,2.93851,-0.40486,0.13677,LFT67,1.40012,1.4001171,159.992472,-0.52127,12.1143,3.2542,-0.04054,-0.01068,-9e-09,142.0,-0.0021,0.0003,-0.0012,6.3e-06,0.00285279170647559,0.0017873578114792324
MSDX.11,4.12626,19.3826,2.94736,-0.21379,0.13677,MSDX.11,3.30033,-0.3617,161.392589,-0.66825,13.7798,3.27148,-0.05551,-0.01068,-9e-09,143.0,-0.0017,0.0003,-0.0012,6.3e-06,0.0021748089391653673,0.0019087196727924976
LFT68,-1.6173,13.3087,2.98751,0.28316,0.19254,LFT68,1.1,1.0999992,164.692918,2.12808,5.26043,3.32222,-0.05446,0.01163,-7e-09,144.0,-0.0016,-0.0002,-0.0005,0.00035,0.0018233218654620468,0.0011833501124270313
MSFX.11,-1.9162,17.1958,2.99909,0.4952,0.19254,MSFX.11,3.30037,0.3617,165.792917,0.97198,1.85036,3.37957,-0.04205,0.01163,-7e-09,145.0,-0.0018,-0.0002,-0.0001,0.00035,0.0021072203206847612,0.0007037785290976664
LFT69,3.11308,10.2297,3.03132,0.81706,-0.01636,LFT69,1.40012,1.4001171,169.093284,-3.9497,9.06906,3.66232,-0.02448,0.00079,-3e-09,146.0,-0.0014,0.00043,0.0012,0.00052,0.0017123169451480388,0.0015443546949151816
SCCELLIN12,1.6498,3.56118,3.06858,0.79355,-0.01636,SCCELLIN12,0.0,0.0,170.493401,-6.5125,23.7174,3.67753,-0.0241,0.00079,-3e-09,147.0,-0.0008,0.00043,0.0019,0.00052,0.0010725894958625519,0.002494371155490559
LFT70,1.6498,3.56118,3.06858,0.79355,-0.01636,LFT70,1.40012,1.4001171,170.493401,-6.5125,23.7174,3.67753,-0.0241,0.00079,-3e-09,148.0,-0.0008,0.00043,0.0019,0.00052,0.0010725894958625519,0.002494371155490559
MSDX.12,0.18652,0.99012,3.2025,0.77004,-0.01636,MSDX.12,3.30033,-0.3617,171.893519,-9.0753,45.5423,3.68432,-0.02373,0.00079,-3e-09,149.0,-0.0002,0.00043,0.0026,0.00052,0.0006358848164217529,0.003454550715666963
LFT71,-6.8131,17.0334,3.41767,1.29674,0.36625,LFT71,1.1,1.0999992,175.193847,9.21737,44.7094,3.69373,-0.00853,0.00749,-7e-10,150.0,0.0013,0.00061,0.0026,-0.0005,0.0022580279370032984,0.0034198222612642163
MSFX.12,-9.8753,35.3908,3.4248,1.69894,0.36625,MSFX.12,3.30037,0.3617,176.293846,7.10247,26.7576,3.6988,0.000299,0.00749,-7e-10,151.0,0.002,0.00061,0.002,-0.0005,0.0032207438876822,0.002644360791536877
LFT72,7.12899,51.3806,3.43476,1.8321,-0.29314,LFT72,1.40012,1.4001171,179.594214,-0.1514,9.90535,3.73841,0.03169,0.01276,-6e-10,152.0,0.0026,-0.0003,0.0011,-3e-05,0.0038377118061227256,0.001615212277548306
SCCELLIN13,5.71683,33.395,3.44014,1.42211,-0.29314,SCCELLIN13,0.0,0.0,180.994331,-0.29599,10.5317,3.7603,0.0496,0.01276,-6e-10,153.0,0.0021,-0.0003,0.0011,-3e-05,0.0030829663723412927,0.0016688852292298197
LFT73,5.71683,33.395,3.44014,1.42211,-0.29314,LFT73,1.40012,1.4001171,180.994331,-0.29599,10.5317,3.7603,0.0496,0.01276,-6e-10,154.0,0.0021,-0.0003,0.0011,-3e-05,0.0030829663723412927,0.0016688852292298197
MSDX.13,4.30468,19.3637,3.44891,1.01213,-0.29314,MSDX.13,3.30033,-0.3617,182.394448,-0.44058,11.563,3.78054,0.06751,0.01276,-6e-10,155.0,0.0017,-0.0003,0.001,-3e-05,0.002333436979166994,0.0017517941567413353
LFT74,-1.3257,12.1515,3.49099,0.59023,0.01353,LFT74,1.1,1.0999992,185.694777,1.69726,4.22877,3.84287,0.06549,-0.01426,4e-10,156.0,0.0015,0.0002,0.00038,-0.0003,0.0018061817951826142,0.0010643189162638403
MSFX.13,-1.5753,15.3427,3.50383,0.6049,0.01353,MSFX.13,3.30037,0.3617,186.794776,0.6878,1.6052,3.91224,0.05016,-0.01426,4e-10,157.0,0.0017,0.0002,2.4e-05,-0.0003,0.0020178720593109784,0.0006576996017252914
LFT75,2.71858,8.68718,3.54093,0.39061,-0.13091,LFT75,1.01745,1.0174546,190.095143,-4.1611,10.0259,4.16633,0.02731,-0.00163,2.1e-09,158.0,0.0013,-0.0004,-0.0012,-0.0005,0.0015054734553312686,0.0016241014854836758
ESM14,1.73585,4.155,3.56802,0.25784,-0.13091,ESM14,0.0,0.0,191.112598,-6.0198,20.3847,4.17766,0.02618,-0.00163,2.1e-09,159.0,0.00089,-0.0004,-0.0018,-0.0005,0.0010387042723672966,0.0023132553992061956
LFT76,1.73585,4.155,3.56802,0.25784,-0.13091,LFT76,0.38266,0.3826625,191.112598,-6.0198,20.3847,4.17766,0.02618,-0.00163,2.1e-09,160.0,0.00089,-0.0004,-0.0018,-0.0005,0.0010387042723672966,0.0023132553992061956
SSEM13,1.36625,2.96794,3.5854,0.20791,-0.13091,SSEM13,0.0,0.0,191.49526,-6.7189,25.2594,4.18035,0.02575,-0.00163,2.1e-09,161.0,0.00073,-0.0004,-0.002,-0.0005,0.0008758755663431764,0.0025743537871853656
LFT77,1.36625,2.96794,3.5854,0.20791,-0.13091,LFT77,1.40012,1.4001171,191.49526,-6.7189,25.2594,4.18035,0.02575,-0.00163,2.1e-09,162.0,0.00073,-0.0004,-0.002,-0.0005,0.0008758755663431764,0.0025743537871853656
MSDX.14,0.01392,1.03554,3.73262,0.02521,-0.13091,MSDX.14,3.30033,-0.3617,192.895377,-9.2766,47.6551,4.18677,0.02419,-0.00163,2.1e-09,163.0,0.00015,-0.0004,-0.0027,-0.0005,0.0004978458584887077,0.003533757606645312
LFT78,-7.0935,18.1748,3.92018,-0.392,-0.14646,LFT78,1.1,1.0999992,196.195706,9.62593,45.6209,4.19589,0.00644,-0.008,-3e-09,164.0,-0.0014,-0.0006,-0.0026,0.00056,0.002142956763350959,0.0034540700653761724
MSFX.14,-10.199,37.1971,3.92691,-0.55242,-0.14646,MSFX.14,3.30037,0.3617,197.295705,7.36766,26.928,4.20088,-0.00298,-0.008,-3e-09,165.0,-0.0021,-0.0006,-0.002,0.00056,0.003064048127765163,0.0026533018620599567
LFT79,7.51175,52.8398,3.93649,-0.56664,0.13836,LFT79,2.39862,2.3986221,200.596073,0.04784,8.9515,4.24246,-0.03822,-0.01475,-8e-09,166.0,-0.0026,0.00034,-0.0011,6.4e-05,0.0036335674048301957,0.0015370927291148849
CT04,4.90493,23.0569,3.94744,-0.23557,0.13836,CT04,0.0,0.0,202.994695,-0.22073,9.3662,4.28464,-0.07376,-0.01475,-8e-09,167.0,-0.0018,0.00034,-0.0009,6.4e-05,0.0023724851735816427,0.0015792269270922708
LFT80,4.90493,23.0569,3.94744,-0.23557,0.13836,LFT80,0.87501,0.8750068,202.994695,-0.22073,9.3662,4.28464,-0.07376,-0.01475,-8e-09,168.0,-0.0018,0.00034,-0.0009,6.4e-05,0.0023724851735816427,0.0015792269270922708
QFQ1,3.95397,15.3053,3.95485,-0.11479,0.13836,QFQ1,2.0,-0.1411485,203.869702,-0.3187,9.83821,4.29917,-0.08672,-0.01475,-8e-09,169.0,-0.0015,0.00034,-0.0008,6.4e-05,0.0019175400090625286,0.0016207560768161506
LFT81,1.20762,5.85516,3.99038,0.15802,0.14134,LFT81,0.50573,0.5057306,205.869702,0.80249,8.76798,4.33209,-0.10304,-0.00104,-8e-09,170.0,-0.001,0.00017,-0.0007,7.8e-05,0.0012034247477285495,0.0015342979959953001
ESM15,0.99528,4.74109,4.00568,0.22942,0.14134,ESM15,0.0,0.0,206.375432,0.70767,8.00425,4.3417,-0.10361,-0.00104,-8e-09,171.0,-0.0009,0.00017,-0.0007,7.8e-05,0.0011003443285043345,0.0014669842586190315
LFT82,0.99528,4.74109,4.00568,0.22942,0.14134,LFT82,0.14803,0.1480311,206.375432,0.70767,8.00425,4.3417,-0.10361,-0.00104,-8e-09,172.0,-0.0009,0.00017,-0.0007,7.8e-05,0.0011003443285043345,0.0014669842586190315
SSEM14,0.93313,4.45563,4.01081,0.25031,0.14134,SSEM14,0.0,0.0,206.523463,0.67991,7.79884,4.34468,-0.10377,-0.00104,-8e-09,173.0,-0.0009,0.00017,-0.0007,7.8e-05,0.0010722860166620639,0.0014483397008180346
LFT83,0.93313,4.45563,4.01081,0.25031,0.14134,LFT83,0.54617,0.5461724,206.523463,0.67991,7.79884,4.34468,-0.10377,-0.00104,-8e-09,174.0,-0.0009,0.00017,-0.0007,7.8e-05,0.0010722860166620639,0.0014483397008180346
BFV1,0.70381,3.56157,4.0327,0.32742,0.14134,BFV1,1.0,0.0,207.069636,0.5775,7.11208,4.35637,-0.10438,-0.00104,-8e-09,175.0,-0.0008,0.00017,-0.0006,7.8e-05,0.0009794117828153353,0.0013841567147511
LFT84,0.28396,2.5738,4.08627,0.46858,0.14134,LFT84,1.0979,1.0978958,208.069636,0.39,6.14457,4.38053,-0.10541,-0.00104,-8e-09,176.0,-0.0006,0.00017,-0.0006,-9e-05,0.0008706413094370303,0.0012882459244147135
BFH1,-0.177,2.45638,4.15818,0.62357,0.14134,BFH1,1.0,0.0013288,209.167531,0.18415,5.51421,4.41073,-0.10645,-0.00104,-8e-09,177.0,-0.0004,0.00017,-0.0007,-9e-05,0.0008837090687267796,0.0012216970159916864
LFT85,-0.59685,3.23024,4.21594,0.76546,0.14267,LFT85,0.76981,0.7698088,210.167531,-0.00335,5.33341,4.44025,-0.10739,-0.00104,-8e-09,178.0,-0.0003,4.5e-05,-0.0008,-9e-05,0.0010234720975540448,0.001202042361396618
ESM16,-0.92006,4.39798,4.24868,0.87525,0.14267,ESM16,0.0,0.0,210.93734,-0.14769,5.44968,4.46305,-0.10812,-0.00104,-8e-09,179.0,-0.0003,4.5e-05,-0.0009,-9e-05,0.0011906393476227971,0.0012149868085129737
LFT86,-0.92006,4.39798,4.24868,0.87525,0.14267,LFT86,4.31855,4.3185453,210.93734,-0.14769,5.44968,4.46305,-0.10812,-0.00104,-8e-09,180.0,-0.0003,4.5e-05,-0.0009,-9e-05,0.0011906393476227971,0.0012149868085129737
BFV2,-2.7332,20.1748,4.32448,1.49117,0.14267,BFV2,0.75,0.0,215.255886,-0.95741,10.2221,4.56126,-0.1122,-0.00104,-8e-09,181.0,-0.0001,4.5e-05,-0.0013,-9e-05,0.002473423258674676,0.0016568362957185606
LFT87,-3.0481,24.5109,4.32985,1.59814,0.14267,LFT87,0.688,0.688,216.005886,-1.098,11.7636,4.57215,-0.11288,-0.00104,-8e-09,182.0,-7e-05,4.5e-05,-0.0014,-0.0002,0.0027171963082017517,0.0017758874920479116
SSEM15,-3.3369,28.9038,4.33396,1.69626,0.14267,SSEM15,0.0,0.0,216.693885,-1.227,13.3633,4.58089,-0.11348,-0.00104,-8e-09,183.0,-4e-05,4.5e-05,-0.0015,-0.0002,0.0029428225246366903,0.0018914183030305997
LFT88,-3.3369,28.9038,4.33396,1.69626,0.14267,LFT88,0.14869,0.1486906,216.693885,-1.227,13.3633,4.58089,-0.11348,-0.00104,-8e-09,184.0,-4e-05,4.5e-05,-0.0015,-0.0002,0.0029428225246366903,0.0018914183030305997
ESM17,-3.3994,29.9055,4.33477,1.71747,0.14267,ESM17,0.0,0.0,216.842576,-1.2549,13.7323,4.58263,-0.11361,-0.00104,-8e-09,185.0,-4e-05,4.5e-05,-0.0015,-0.0002,0.0029917918736839235,0.001917071857395674
LFT89,-3.3994,29.9055,4.33477,1.71747,0.14267,LFT89,0.489,0.489,216.842576,-1.2549,13.7323,4.58263,-0.11361,-0.00104,-8e-09,186.0,-4e-05,4.5e-05,-0.0015,-0.0002,0.0029917918736839235,0.001917071857395674
QFQ2,-3.6047,33.3305,4.33723,1.78721,0.14267,QFQ2,2.5,0.1351783,217.331576,-1.3466,15.0045,4.58806,-0.11404,-0.00104,-8e-09,187.0,-1e-05,4.5e-05,-0.0016,-0.0002,0.003153282655220111,0.0020029584587402346
LFT90,1.29757,39.8498,4.34755,1.83043,-0.10897,LFT90,2.25074,2.2507424,219.831576,-5.4629,30.3386,4.60782,-0.13664,-0.01751,-8e-09,188.0,0.00011,4.8e-05,-0.0015,0.00021,0.003423152786892491,0.0028430194922809686
QFQ3,1.146,34.35,4.35724,1.58505,-0.10897,QFQ3,2.5,-0.1115837,222.082319,-7.751,60.0799,4.61622,-0.17652,-0.01751,-8e-09,189.0,0.00021,4.8e-05,-0.0011,0.00021,0.0031552886700027343,0.003997642830502628
LFT91,-2.9409,38.4619,4.36871,1.52591,0.06067,LFT91,0.63,0.63,224.582319,-0.38374,82.5459,4.62161,-0.19417,0.00368,-8e-09,190.0,0.00035,6.2e-05,-0.0011,-0.0002,0.003308539818827942,0.0046832905707978436
ESM18,-3.099,42.2671,4.3712,1.56409,0.06067,ESM18,0.0,0.0,225.212318,-0.39249,83.0349,4.62282,-0.19171,0.00368,-8e-09,191.0,0.00039,6.2e-05,-0.0013,-0.0002,0.003461238835446875,0.004696534016831774
LFT92,-3.099,42.2671,4.3712,1.56409,0.06067,LFT92,0.148,0.148,225.212318,-0.39249,83.0349,4.62282,-0.19171,0.00368,-8e-09,192.0,0.00039,6.2e-05,-0.0013,-0.0002,0.003461238835446875,0.004696534016831774
SSEM16,-3.1361,43.1899,4.37175,1.57306,0.06067,SSEM16,0.0,0.0,225.360318,-0.39455,83.1514,4.62311,-0.19113,0.00368,-8e-09,193.0,0.0004,6.2e-05,-0.0013,-0.0002,0.003497216212464771,0.004699684160205405
LFT93,-3.1361,43.1899,4.37175,1.57306,0.06067,LFT93,0.647,0.647,225.360318,-0.39455,83.1514,4.62311,-0.19113,0.00368,-8e-09,194.0,0.0004,6.2e-05,-0.0013,-0.0002,0.003497216212464771,0.004699684160205405
BFH2,-3.2984,47.3531,4.37403,1.61227,0.06067,BFH2,0.75,0.0,226.007318,-0.40354,83.6677,4.62434,-0.18859,0.00368,-8e-09,195.0,0.00044,6.2e-05,-0.0014,-0.0002,0.0036549193292078445,0.004713628373685924
LFT94,-3.4866,52.4419,4.37643,1.65776,0.06067,LFT94,1.045,1.045,226.757318,-0.41396,84.2809,4.62576,-0.18565,0.00368,-8e-09,196.0,0.00045,-3e-05,-0.0016,-0.0002,0.0038385101749955778,0.004730142175021487
BFVD1,-3.7487,60.0028,4.37939,1.72119,0.06067,BFVD1,2.00005,-0.0237365,227.802318,-0.42849,85.1612,4.62772,-0.18156,0.00368,-8e-09,197.0,0.00041,-3e-05,-0.0019,-0.0002,0.004095500323785186,0.004753770122842695
LFT95,-4.2292,75.9642,4.38411,1.84197,0.06016,LFT95,1.0,1.0,229.802372,-0.45628,86.9296,4.63142,-0.14999,0.02742,-8e-09,198.0,0.00034,-3e-05,-0.0024,-0.0002,0.004589205435106681,0.004796184612771107
QFQ4,-4.4778,84.6713,4.38609,1.90217,0.06016,QFQ4,1.5,0.0512903,230.802372,-0.47018,87.8561,4.63325,-0.12234,0.02742,-8e-09,199.0,0.00031,-3e-05,-0.0026,-0.0002,0.004836581497718233,0.004815984916396013
LFT96,-0.03699,91.6228,4.38877,1.91859,-0.03846,LFT96,0.558,0.558,232.302372,-5.3072,96.3066,4.63587,-0.08502,0.02213,-8e-09,200.0,0.00026,-3e-05,-0.003,-0.0003,0.005019183728453332,0.005033669053719624
SSEM17,-0.04308,91.6675,4.38974,1.89715,-0.03846,SSEM17,0.0,0.0,232.860372,-5.4762,102.323,4.63677,-0.07251,0.02213,-8e-09,201.0,0.00024,-3e-05,-0.0031,-0.0003,0.005016025073478002,0.005185510366065241
LFT97,-0.04308,91.6675,4.38974,1.89715,-0.03846,LFT97,0.14777,0.1477743,232.860372,-5.4762,102.323,4.63677,-0.07251,0.02213,-8e-09,202.0,0.00024,-3e-05,-0.0031,-0.0003,0.005016025073478002,0.005185510366065241
ESM19,-0.0447,91.6805,4.38999,1.89147,-0.03846,ESM19,0.0,0.0,233.008146,-5.5209,103.948,4.637,-0.0692,0.02213,-8e-09,203.0,0.00024,-3e-05,-0.0032,-0.0003,0.005015217351111511,0.005225748611297508
LFT98,-0.0447,91.6805,4.38999,1.89147,-0.03846,LFT98,0.592,0.592,233.008146,-5.5209,103.948,4.637,-0.0692,0.02213,-8e-09,204.0,0.00024,-3e-05,-0.0032,-0.0003,0.005015217351111511,0.005225748611297508
BFVD2,-0.05117,91.7372,4.39102,1.86872,-0.03846,BFVD2,2.50018,-0.0397411,233.600146,-5.7002,110.591,4.63788,-0.05592,0.02213,-8e-09,205.0,0.00022,-3e-05,-0.0034,-0.0003,0.005012102299681596,0.005387050630695228
LFT99,-0.02043,91.9185,4.39535,1.7709,-0.03961,LFT99,0.559,0.559,236.100328,-6.4571,140.974,4.64106,0.04979,0.06188,-8e-09,206.0,0.00015,-3e-05,-0.0041,-0.0003,0.00499711790570975,0.006079526767776545
ESM20,-0.02651,91.9447,4.39632,1.74878,-0.03961,ESM20,0.0,0.0,236.659328,-6.6264,148.288,4.64168,0.08454,0.06188,-8e-09,207.0,0.00013,-3e-05,-0.0042,-0.0003,0.004993355923895912,0.006241930779334232
LFT100,-0.02651,91.9447,4.39632,1.74878,-0.03961,LFT100,0.14863,0.1486253,236.659328,-6.6264,148.288,4.64168,0.08454,0.06188,-8e-09,208.0,0.00013,-3e-05,-0.0042,-0.0003,0.004993355923895912,0.006241930779334232
SSEM18,-0.02813,91.9529,4.39658,1.74289,-0.03961,SSEM18,0.0,0.0,236.807954,-6.6714,150.265,4.64184,0.09378,0.06188,-8e-09,209.0,0.00013,-3e-05,-0.0043,-0.0003,0.0049923845868905135,0.006285125454341084
LFT101,-0.02813,91.9529,4.39658,1.74289,-0.03961,LFT101,0.185,0.185,236.807954,-6.6714,150.265,4.64184,0.09378,0.06188,-8e-09,210.0,0.00013,-3e-05,-0.0043,-0.0003,0.0049923845868905135,0.006285125454341084
CT05,-0.03014,91.9636,4.3969,1.73557,-0.03961,CT05,0.0,0.0,236.992954,-6.7275,152.743,4.64203,0.10528,0.06188,-8e-09,211.0,0.00012,-3e-05,-0.0043,-0.0003,0.004991192472704266,0.006338900187109926
LFT102,-0.03014,91.9636,4.3969,1.73557,-0.03961,LFT102,1.4174,1.4174,236.992954,-6.7275,152.743,4.64203,0.10528,0.06188,-8e-09,212.0,0.00012,-3e-05,-0.0043,-0.0003,0.004991192472704266,0.006338900187109926
SSEM19,-0.04557,92.071,4.39935,1.67948,-0.03961,SSEM19,0.0,0.0,238.410354,-7.1567,172.423,4.64342,0.1934,0.06188,-8e-09,213.0,8.2e-05,-3e-05,-0.0047,-0.0003,0.004982682251437028,0.006751193666363768
LFT103,-0.04557,92.071,4.39935,1.67948,-0.03961,LFT103,0.204,0.204,238.410354,-7.1567,172.423,4.64342,0.1934,0.06188,-8e-09,214.0,8.2e-05,-3e-05,-0.0047,-0.0003,0.004982682251437028,0.006751193666363768
ESM21,-0.04779,92.09,4.3997,1.6714,-0.03961,ESM21,0.0,0.0,238.614354,-7.2185,175.356,4.64361,0.20608,0.06188,-8e-09,215.0,7.7e-05,-3e-05,-0.0048,-0.0003,0.0049815481194970465,0.006810572551533804
LFT104,-0.04779,92.09,4.3997,1.6714,-0.03961,LFT104,1.5891,1.5891,238.614354,-7.2185,175.356,4.64361,0.20608,0.06188,-8e-09,216.0,7.7e-05,-3e-05,-0.0048,-0.0003,0.0049815481194970465,0.006810572551533804
BAFFLE,-0.06509,92.2694,4.40245,1.60851,-0.03961,BAFFLE,0.0,0.0,240.203454,-7.6998,199.062,4.64496,0.30487,0.06188,-8e-09,217.0,3.1e-05,-3e-05,-0.0053,-0.0003,0.004973493677561686,0.007273413473868739
LFT105,-0.06509,92.2694,4.40245,1.60851,-0.03961,LFT105,1.05214,1.05214,240.203454,-7.6998,199.062,4.64496,0.30487,0.06188,-8e-09,218.0,3.1e-05,-3e-05,-0.0053,-0.0003,0.004973493677561686,0.007273413473868739
OTR,-0.07654,92.4184,4.40426,1.56687,-0.03961,OTR,0.0,0.0,241.255594,-8.0184,215.6,4.64577,0.37028,0.06188,-8e-09,219.0,-5e-16,-3e-05,-0.0056,-0.0003,0.004968920291205464,0.007580118467177891
LFT106,-0.07654,92.4184,4.40426,1.56687,-0.03961,LFT106,0.76936,0.76936,241.255594,-8.0184,215.6,4.64577,0.37028,0.06188,-8e-09,220.0,-5e-16,-3e-05,-0.0056,-0.0003,0.004968920291205464,0.007580118467177891
TARGET,-0.08491,92.5426,4.40558,1.53642,-0.03961,TARGET,0.0,0.0,242.024954,-8.2514,228.118,4.64632,0.41811,0.06188,-8e-09,221.0,-2e-05,-3e-05,-0.0058,-0.0003,0.004965958086167814,0.007804505906468195
$$$,-0.08491,92.5426,4.40558,1.53642,-0.03961,$$$,0.0,0.0,242.024954,-8.2514,228.118,4.64632,0.41811,0.06188,-8e-09,222.0,-2e-05,-3e-05,-0.0058,-0.0003,0.004965958086167814,0.007804505906468195
