element            , length  , mark, type      , aperture_type, aperture_x, aperture_y, geometry, yoke_size  , angle             , offset      , polelength, tilt     , zref, survey_name              , survey_offset                                                                , blm, blm_offset                                       , blm_orientation
entry              ,    0.001, NA  , drift     , circular     ,   130     ,          0, true    , NA         , 0                 , NA          ,      0    , 0        , 0   , NA                       , NA                                                                           ,   0, NA                                               , 0
QFP_side_duct      , 1099    , NA  , drift     , circular     ,   130     ,          0, true    , NA         , 0                 , NA          ,      0    , 0        , 0   , NA                       , NA                                                                           ,   0, NA                                               , 0
CT1_pipe           ,  300    , NA  , drift     , circular     ,   200     ,          0, true    , NA         , 0                 , NA          ,      0    , 0        , 0   , NA                       , NA                                                                           ,   0, NA                                               , 0
CT1                ,  200    , NA  , drift     , circular     ,   190     ,          0, true    , NA         , 0                 , NA          ,      0    , 0        , 0   , NA                       , NA                                                                           ,   0, NA                                               , 0
SSEM1              ,  170    , 85  , ssem      , circular     ,   205     ,          0, true    , NA         , 0                 , NA          ,      0    , 0        , 0   , NA                       , NA                                                                           ,   0, NA                                               , 0
ESM1               ,  126    , NA  , drift     , circular     ,   180     ,          0, true    , NA         , 0                 , NA          ,      0    , 0        , 0   , NA                       , NA                                                                           ,   0, NA                                               , 0
bellows_PV1u       ,  205.22 , NA  , drift     , circular     ,   190     ,          0, true    , NA         , 0                 , NA          ,      0    , 0        , 0   , NA                       , NA                                                                           ,   0, NA                                               , 0
BPV1               , 1600    , 750 , rbend     , rectangular  ,   134     ,        200, true    , [1015 1115], 0                 , NA          ,   1000    , 1.5707963, 500 , [PV11 PV12]              , [[-465 0 755] [465 0 755]]                                                   ,   2, [[-105 -295 -1348] [-63 -295 1142]]              , [perp perp]
bellows_PV1d       ,  350    , NA  , drift     , circular     ,   146     ,          0, true    , NA         , 0                 , NA          ,      0    , 0        , 0   , NA                       , NA                                                                           ,   0, NA                                               , 0
FCV1               ,  250    , NA  , drift     , circular     ,   146     ,          0, true    , NA         , 0                 , NA          ,      0    , 0        , 0   , NA                       , NA                                                                           ,   0, NA                                               , 0
duct_prep_FCV1d    ,  200    , NA  , drift     , circular     ,   146     ,          0, true    , NA         , 0                 , NA          ,      0    , 0        , 0   , NA                       , NA                                                                           ,   0, NA                                               , 0
ion_pump_2         ,  400    , NA  , drift     , circular     ,   190     ,          0, true    , NA         , 0                 , NA          ,      0    , 0        , 0   , NA                       , NA                                                                           ,   0, NA                                               , 0
bellows_PLGu       ,  350    , NA  , drift     , circular     ,   190     ,          0, true    , NA         , 0                 , NA          ,      0    , 0        , 0   , NA                       , NA                                                                           ,   0, NA                                               , 0
PLUG               , 1100    , NA  , drift     , circular     ,   190     ,          0, true    , NA         , 0                 , NA          ,      0    , 0        , 0   , NA                       , NA                                                                           ,   0, NA                                               , 0
bellows_PLGd       ,  590    , NA  , drift     , circular     ,   190     ,          0, true    , NA         , 0                 , NA          ,      0    , 0        , 0   , NA                       , NA                                                                           ,   0, NA                                               , 0
BPH2               , 1150    , 560 , rbend     , rectangular  ,   178     ,         78, true    , [780 730]  , 0                 , NA          ,    600    , 0        , -999, [PH21 PH22]              , [[-265 0 420] [265 0 420]]                                                   ,   1, [[-180 -300 715]]                                , [perp]
ESM2               ,  127    , NA  , drift     , circular     ,   180     ,          0, true    , NA         , 0                 , NA          ,      0    , 0        , 0   , NA                       , NA                                                                           ,   0, NA                                               , 0
SSEM2              ,  170    , 85  , ssem      , circular     ,   205     ,          0, true    , NA         , 0                 , NA          ,      0    , 0        , 0   , NA                       , NA                                                                           ,   0, NA                                               , 0
bellows_PQ1u       ,  212.78 , NA  , drift     , circular     ,   190     ,          0, true    , NA         , 0                 , NA          ,      0    , 0        , 0   , NA                       , NA                                                                           ,   0, NA                                               , 0
QPQ1               , 3850    , 1850, quadrupole, rectangular  ,   248     ,        180, true    , [1350 1350], 0                 , NA          ,   3000    , 0        , 1500, [PQ11 PQ12]              , [[-1465 0 730] [1166 0 730]]                                                 ,   0, NA                                               , 0
bellows_PQ1d       ,  550.19 , NA  , drift     , circular     ,   190     ,          0, true    , NA         , 0                 , NA          ,      0    , 0        , 0   , NA                       , NA                                                                           ,   0, NA                                               , 0
QPQ2               , 3600    , 1750, quadrupole, rectangular  ,   204     ,        120, true    , [1030 1030], 0                 , NA          ,   3000    , 0        , 1490, [PQ21 PQ22]              , [[-1465 0 570] [1465 0 570]]                                                 ,   3, [[648 -687 -680] [-651 -688 -725] [30 -295 1875]], [para para perp]
ESM3               ,  127    , NA  , drift     , circular     ,   178     ,          0, true    , NA         , 0                 , NA          ,      0    , 0        , 0   , NA                       , NA                                                                           ,   0, NA                                               , 0
SSEM3              ,  170    , 85  , ssem      , circular     ,   205     ,          0, true    , NA         , 0                 , NA          ,      0    , 0        , 0   , NA                       , NA                                                                           ,   0, NA                                               , 0
bellows_PD1u1      ,  202.87 , NA  , bellows   , circular     ,   190     ,          0, true    , NA         , -0.0167735        , [-12.98 0.0],      0    , 0        , 0   , NA                       , NA                                                                           ,   0, NA                                               , 0
BPD1               , 3770    , 1800, rbend     , rectangular  ,   186     ,        144, true    , [1540 724] , 0                 , NA          ,   3000    , 0        , 1500, [PD11 PD12]              , [[-1465 0 417] [1465 0 417]]                                                 ,   1, [[-20 -150 2140]]                                , [perp]
ESM4               ,  126    , NA  , drift     , circular     ,   178     ,          0, true    , NA         , 0                 , NA          ,      0    , 0        , 0   , NA                       , NA                                                                           ,   0, NA                                               , 0
bellows_PD2u       ,  307    , NA  , bellows   , circular     ,   190     ,          0, true    , NA         , -0.033376032      , [5.060 0.0] ,    307    , 0        , 0   , NA                       , NA                                                                           ,   0, NA                                               , 0
BPD2               , 3770    , 1798, rbend     , rectangular  ,   186     ,        114, true    , [1540 724] , 0                 , NA          ,   3000    , 0        , 1500, [PD21 PD22]              , [[-1465 0 402] [1465 0 402]]                                                 ,   2, [[160 -416 2465] [-386 -412 2457]]               , [para para]
bellows_PD2d       ,  235    , NA  , bellows   , circular     ,   190     ,          0, true    , NA         , -0.016602532      , [16.807 0.0],      0    , 0        , 0   , NA                       , NA                                                                           ,   0, NA                                               , 0
ESM5               ,  126    , NA  , drift     , circular     ,   178     ,          0, true    , NA         , 0                 , NA          ,      0    , 0        , 0   , NA                       , NA                                                                           ,   0, NA                                               , 0
SSEM4              ,  170    , 85  , ssem      , circular     ,   205     ,          0, true    , NA         , 0                 , NA          ,      0    , 0        , 0   , NA                       , NA                                                                           ,   0, NA                                               , 0
CT2                ,  201    , NA  , drift     , circular     ,   190     ,          0, true    , NA         , 0                 , NA          ,      0    , 0        , 0   , NA                       , NA                                                                           ,   0, NA                                               , 0
bellows_PC1u       ,  398    , NA  , drift     , circular     ,   190     ,          0, true    , NA         , 0                 , NA          ,      0    , 0        , 0   , NA                       , NA                                                                           ,   0, NA                                               , 0
PC1                , 3200    , 1600, drift     , circular     ,   190     ,          0, true    , NA         , 0                 , NA          ,   3000    , 0        , 0   , NA                       , NA                                                                           ,   0, NA                                               , 0
bellows_PC1d       ,  310    , NA  , drift     , circular     ,   190     ,          0, true    , NA         , 0                 , NA          ,      0    , 0        , 0   , NA                       , NA                                                                           ,   0, NA                                               , 0
SSEM5              ,  170    , 85  , ssem      , circular     ,   205     ,          0, true    , NA         , 0                 , NA          ,      0    , 0        , 0   , NA                       , NA                                                                           ,   0, NA                                               , 0
bellows_PC2u       ,  310    , NA  , drift     , circular     ,   190     ,          0, true    , NA         , 0                 , NA          ,      0    , 0        , 0   , NA                       , NA                                                                           ,   0, NA                                               , 0
PPS_CT1            ,  200    , NA  , drift     , circular     ,   190     ,          0, true    , NA         , 0                 , NA          ,      0    , 0        , 0   , NA                       , NA                                                                           ,   0, NA                                               , 0
WSEM_duct          ,  152    , NA  , drift     , circular     ,   190     ,          0, true    , NA         , 0                 , NA          ,      0    , 0        , 0   , NA                       , NA                                                                           ,   0, NA                                               , 0
WSEM1              ,  170    , 85  , wsem      , circular     ,   205     ,          0, true    , NA         , 0                 , NA          ,      0    , 0        , 0   , NA                       , NA                                                                           ,   0, NA                                               , 0
PC2                ,  980    , 490 , drift     , circular     ,   190     ,          0, true    , NA         , 0                 , NA          ,    980    , 0        , 0   , NA                       , NA                                                                           ,   0, NA                                               , 0
bellows_PC2d       ,  248    , NA  , drift     , circular     ,   190     ,          0, true    , NA         , 0                 , NA          ,      0    , 0        , 0   , NA                       , NA                                                                           ,   0, NA                                               , 0
PPS_CT2            ,  202    , NA  , drift     , circular     ,   190     ,          0, true    , NA         , 0                 , NA          ,      0    , 0        , 0   , NA                       , NA                                                                           ,   0, NA                                               , 0
SSEM6              ,  170    , 85  , ssem      , circular     ,   205     ,          0, true    , NA         , 0                 , NA          ,      0    , 0        , 0   , NA                       , NA                                                                           ,   0, NA                                               , 0
ESM6               ,  126    , NA  , drift     , circular     ,   178     ,          0, true    , NA         , 0                 , NA          ,      0    , 0        , 0   , NA                       , NA                                                                           ,   0, NA                                               , 0
bellows_PQ3u       ,  235    , NA  , drift     , circular     ,   190     ,          0, true    , NA         , 0                 , NA          ,      0    , 0        , 0   , NA                       , NA                                                                           ,   0, NA                                               , 0
QPQ3               , 2100    , 1027, quadrupole, rectangular  ,   204     ,        120, true    , [840 840]  , 0                 , NA          ,   1500    , 0        , -999, [PQ31 PQ32]              , [[-715 0 497] [715 0 497]]                                                   ,   3, [[18 -399 -4120] [32 -296 -1653] [0 -881 990]]   , [perp perp perp]
ion_pump_3         ,  527    , NA  , drift     , circular     ,   190     ,          0, true    , NA         , 0                 , NA          ,      0    , 0        , 0   , NA                       , NA                                                                           ,   0, NA                                               , 0
PC3                , 1700    , 850 , drift     , circular     ,   190     ,          0, true    , NA         , 0                 , NA          ,   1500    , 0        , 0   , NA                       , NA                                                                           ,   0, NA                                               , 0
bellows_PV2u       ,  360    , NA  , drift     , circular     ,   190     ,          0, true    , NA         , 0                 , NA          ,      0    , 0        , 0   , NA                       , NA                                                                           ,   0, NA                                               , 0
BPV2               , 1530    , 740 , rbend     , rectangular  ,   104     ,        140, true    , [622 1400] , 0                 , NA          ,   1000    , 1.5707963, 500 , [PV21 PV22]              , [[-465 0 755] [465 0 755]]                                                   ,   1, [[3 -444 -846]]                                  , [perp]
ESM7               ,  127    , NA  , drift     , circular     ,   178     ,          0, true    , NA         , 0                 , NA          ,      0    , 0        , 0   , NA                       , NA                                                                           ,   0, NA                                               , 0
SSEM7              ,  170    , 85  , ssem      , circular     ,   205     ,          0, true    , NA         , 0                 , NA          ,      0    , 0        , 0   , NA                       , NA                                                                           ,   0, NA                                               , 0
bellows_PQ4u       ,  220.57 , NA  , drift     , circular     ,   190     ,          0, true    , NA         , 0                 , NA          ,      0    , 0        , 0   , NA                       , NA                                                                           ,   0, NA                                               , 0
QPQ4               , 3622    , 1782, quadrupole, rectangular  ,   204     ,        120, true    , [940 940]  , 0                 , NA          ,   3000    , 0        , 1370, [PQ41 PQ42]              , [[-1465 0 525] [1465 0 525]]                                                 ,   2, [[-93 -300 -1908] [45 -300 2105]]                , [perp perp]
bellows_PQ4d       ,  235    , NA  , drift     , circular     ,   190     ,          0, true    , NA         , 0                 , NA          ,      0    , 0        , 0   , NA                       , NA                                                                           ,   0, NA                                               , 0
ESM8               ,  126    , NA  , drift     , circular     ,   178     ,          0, true    , NA         , 0                 , NA          ,      0    , 0        , 0   , NA                       , NA                                                                           ,   0, NA                                               , 0
SSEM8              ,  170    , 85  , ssem      , circular     ,   205     ,          0, true    , NA         , 0                 , NA          ,      0    , 0        , 0   , NA                       , NA                                                                           ,   0, NA                                               , 0
bellows_PC4u       ,  309    , NA  , drift     , circular     ,   190     ,          0, true    , NA         , 0                 , NA          ,      0    , 0        , 0   , NA                       , NA                                                                           ,   0, NA                                               , 0
PC4                , 3200    , 1600, drift     , circular     ,   190     ,          0, true    , NA         , 0                 , NA          ,   3000    , 0        , 0   , NA                       , NA                                                                           ,   0, NA                                               , 0
bellows_PC4d       ,  203.33 , NA  , drift     , circular     ,   190     ,          0, true    , NA         , 0                 , NA          ,      0    , 0        , 0   , NA                       , NA                                                                           ,   0, NA                                               , 0
SSEM9              ,  170    , 85  , ssem      , circular     ,   205     ,          0, true    , NA         , 0                 , NA          ,      0    , 0        , 0   , NA                       , NA                                                                           ,   0, NA                                               , 0
ion_pump_4         ,  523    , NA  , drift     , circular     ,   190     ,          0, true    , NA         , 0                 , NA          ,      0    , 0        , 0   , NA                       , NA                                                                           ,   0, NA                                               , 0
BPH3               , 1620    , 785 , rbend     , rectangular  ,   140     ,        104, true    , [1470 740] , 0                 , NA          ,   1000    , 0        , 0   , [PH31 PH32]              , [[-465 0 430] [465 0 430]]                                                   ,   3, [[250 -132 -1400] [-310 -897 -1400] [0 -543 991]], [para para perp]
bellows_PQ5u       ,  194.26 , NA  , drift     , circular     ,   190     ,          0, true    , NA         , 0                 , NA          ,      0    , 0        , 0   , NA                       , NA                                                                           ,   0, NA                                               , 0
QPQ5               , 2570    , 1270, quadrupole, circular     ,    90     ,          0, true    , [726 726]  , 0                 , NA          ,   2000    , 0        , 1000, [PQ51 PQ52]              , [[-965 0 418] [965 0 418]]                                                   ,   1, [[-10 -210 2037]]                                , [perp]
bellows_PQ5d       ,  140    , NA  , drift     , circular     ,   146     ,          0, true    , NA         , 0                 , NA          ,      0    , 0        , 0   , NA                       , NA                                                                           ,   0, NA                                               , 0
ESM9               ,  126    , NA  , drift     , circular     ,   178     ,          0, true    , NA         , 0                 , NA          ,      0    , 0        , 0   , NA                       , NA                                                                           ,   0, NA                                               , 0
CT3                ,  161    , NA  , drift     , circular     ,   190     ,          0, true    , NA         , 0                 , NA          ,      0    , 0        , 0   , NA                       , NA                                                                           ,   0, NA                                               , 0
duct_prep_FCV2u    ,  101    , NA  , drift     , circular     ,   146     ,          0, true    , NA         , 0                 , NA          ,      0    , 0        , 0   , NA                       , NA                                                                           ,   0, NA                                               , 0
FCV2               ,  250    , NA  , drift     , circular     ,   146     ,          0, true    , NA         , 0                 , NA          ,      0    , 0        , 0   , NA                       , NA                                                                           ,   0, NA                                               , 0
duct_prep_FCV2d    ,   82    , NA  , drift     , circular     ,   146     ,          0, true    , NA         , 0                 , NA          ,      0    , 0        , 0   , NA                       , NA                                                                           ,   0, NA                                               , 0
GV2                ,   98    , NA  , drift     , circular     ,   146     ,          0, true    , NA         , 0                 , NA          ,      0    , 0        , 0   , NA                       , NA                                                                           ,   0, NA                                               , 0
bellows_super      ,  187    , NA  , bellows   , circular     ,   146     ,          0, true    , NA         , 0                 , [-9.435 0.0],      0    , 0        , 0   , NA                       , NA                                                                           ,   0, NA                                               , 0
arc_driftu         , 1184.72 , NA  , drift     , circular     ,   500     ,          0, true    , NA         , 0                 , NA          ,      0    , 0        , 0   , NA                       , NA                                                                           ,   0, NA                                               , 0
BAD1               , 5252.25 , 3050, rbend     , circular     ,   500     ,          0, false   , NA         , -0.04888884528188 , NA          ,   3300.348, 0        , -999, [SC011 SC012 SC013 SC014], [[-1051 265 471.87] [-1051 -265 471.87] [1051 265 471.87] [1051 -265 471.87]],   1, [[-28 -627 1990]]                                , [perp]
BAF1               , 5248.25 , 2200, rbend     , circular     ,   500     ,          0, false   , NA         , -0.051681459351456, NA          ,   3300.348, 0        , -999, [SC015 SC016 SC017 SC018], [[-1051 265 471.87] [-1051 -265 471.87] [1051 265 471.87] [1051 -265 471.87]],   1, [[-5 -630 1570]]                                 , [perp]
SSEM10             ,    2    , 1   , ssem      , circular     ,   205     ,          0, true    , NA         , 0                 , NA          ,      0    , 0        , 0   , NA                       , NA                                                                           ,   0, NA                                               , 0
BAD2               , 5251.25 , 3051, rbend     , circular     ,   500     ,          0, false   , NA         , -0.04888884528188 , NA          ,   3300.348, 0        , -999, [SC021 SC022 SC023 SC024], [[-1051 265 471.87] [-1051 -265 471.87] [1051 265 471.87] [1051 -265 471.87]],   1, [[-17 -640 2002]]                                , [perp]
BAF2               , 5248.25 , 2200, rbend     , circular     ,   500     ,          0, false   , NA         , -0.051681459351456, NA          ,   3300.348, 0        , -999, [SC025 SC026 SC027 SC028], [[-1051 265 471.87] [-1051 -265 471.87] [1051 265 471.87] [1051 -265 471.87]],   1, [[0 -633 1574]]                                  , [perp]
BAD3               , 5252.25 , 3050, rbend     , circular     ,   500     ,          0, false   , NA         , -0.04888884528188 , NA          ,   3300.348, 0        , -999, [SC031 SC032 SC033 SC034], [[-1051 265 471.87] [-1051 -265 471.87] [1051 265 471.87] [1051 -265 471.87]],   1, [[-18 -629 1995]]                                , [perp]
BAF3               , 5249.25 , 2200, rbend     , circular     ,   500     ,          0, false   , NA         , -0.051681459351456, NA          ,   3300.348, 0        , -999, [SC035 SC036 SC037 SC038], [[-1051 265 471.87] [-1051 -265 471.87] [1051 265 471.87] [1051 -265 471.87]],   1, [[0 -633 1574]]                                  , [perp]
BAD4               , 5252.25 , 3050, rbend     , circular     ,   500     ,          0, false   , NA         , -0.04888884528188 , NA          ,   3300.348, 0        , -999, [SC041 SC042 SC043 SC044], [[-1051 265 471.87] [-1051 -265 471.87] [1051 265 471.87] [1051 -265 471.87]],   1, [[-18 -623 1995]]                                , [perp]
BAF4               , 5247.25 , 2200, rbend     , circular     ,   500     ,          0, false   , NA         , -0.051681459351456, NA          ,   3300.348, 0        , -999, [SC045 SC046 SC047 SC048], [[-1051 265 471.87] [-1051 -265 471.87] [1051 265 471.87] [1051 -265 471.87]],   1, [[0 -633 1574]]                                  , [perp]
SSEM11             ,    2    , 1   , ssem      , circular     ,   205     ,          0, true    , NA         , 0                 , NA          ,      0    , 0        , 0   , NA                       , NA                                                                           ,   0, NA                                               , 0
BAD5               , 5251.25 , 3051, rbend     , circular     ,   500     ,          0, false   , NA         , -0.04888884528188 , NA          ,   3300.348, 0        , -999, [SC051 SC052 SC053 SC054], [[-1051 265 471.87] [-1051 -265 471.87] [1051 265 471.87] [1051 -265 471.87]],   1, [[-16 -628 2002]]                                , [perp]
BAF5               , 5248.25 , 2200, rbend     , circular     ,   500     ,          0, false   , NA         , -0.051681459351456, NA          ,   3300.348, 0        , -999, [SC055 SC056 SC057 SC058], [[-1051 265 471.87] [-1051 -265 471.87] [1051 265 471.87] [1051 -265 471.87]],   1, [[0 -633 1574]]                                  , [perp]
BAD6               , 5253.25 , 3050, rbend     , circular     ,   500     ,          0, false   , NA         , -0.04888884528188 , NA          ,   3300.348, 0        , -999, [SC061 SC062 SC063 SC064], [[-1051 265 471.87] [-1051 -265 471.87] [1051 265 471.87] [1051 -265 471.87]],   1, [[-18 -623 2000]]                                , [perp]
BAF6               , 5249.25 , 2200, rbend     , circular     ,   500     ,          0, false   , NA         , -0.051681459351456, NA          ,   3300.348, 0        , -999, [SC065 SC066 SC067 SC068], [[-1051 265 471.87] [-1051 -265 471.87] [1051 265 471.87] [1051 -265 471.87]],   1, [[0 -633 1574]]                                  , [perp]
BAD7               , 5252.25 , 3050, rbend     , circular     ,   500     ,          0, false   , NA         , -0.04888884528188 , NA          ,   3300.348, 0        , -999, [SC071 SC072 SC073 SC074], [[-1051 265 471.87] [-1051 -265 471.87] [1051 265 471.87] [1051 -265 471.87]],   1, [[-13 -623 1999]]                                , [perp]
BAF7               , 5250.25 , 2200, rbend     , circular     ,   500     ,          0, false   , NA         , -0.051681459351456, NA          ,   3300.348, 0        , -999, [SC075 SC076 SC077 SC078], [[-1051 265 471.87] [-1051 -265 471.87] [1051 265 471.87] [1051 -265 471.87]],   1, [[0 -633 1574]]                                  , [perp]
BAD8               , 5251.25 , 3050, rbend     , circular     ,   500     ,          0, false   , NA         , -0.04888884528188 , NA          ,   3300.348, 0        , -999, [SC081 SC082 SC083 SC084], [[-1051 265 471.87] [-1051 -265 471.87] [1051 265 471.87] [1051 -265 471.87]],   0, NA                                               , 0
BAF8               , 5248.25 , 2200, rbend     , circular     ,   500     ,          0, false   , NA         , -0.051681459351456, NA          ,   3300.348, 0        , -999, [SC085 SC086 SC087 SC088], [[-1051 265 471.87] [-1051 -265 471.87] [1051 265 471.87] [1051 -265 471.87]],   1, [[0 -633 1574]]                                  , [perp]
BAD9               , 5252.25 , 3050, rbend     , circular     ,   500     ,          0, false   , NA         , -0.04888884528188 , NA          ,   3300.348, 0        , -999, [SC091 SC092 SC093 SC094], [[-1051 265 471.87] [-1051 -265 471.87] [1051 265 471.87] [1051 -265 471.87]],   0, NA                                               , 0
BAF9               , 5249.25 , 2200, rbend     , circular     ,   500     ,          0, false   , NA         , -0.051681459351456, NA          ,   3300.348, 0        , -999, [SC095 SC096 SC097 SC098], [[-1051 265 471.87] [-1051 -265 471.87] [1051 265 471.87] [1051 -265 471.87]],   1, [[0 -633 1574]]                                  , [perp]
BAD10              , 5252.25 , 3050, rbend     , circular     ,   500     ,          0, false   , NA         , -0.04888884528188 , NA          ,   3300.348, 0        , -999, [SC101 SC102 SC103 SC104], [[-1051 265 471.87] [-1051 -265 471.87] [1051 265 471.87] [1051 -265 471.87]],   0, NA                                               , 0
BAF10              , 5248.25 , 2200, rbend     , circular     ,   500     ,          0, false   , NA         , -0.051681459351456, NA          ,   3300.348, 0        , -999, [SC105 SC106 SC107 SC108], [[-1051 265 471.87] [-1051 -265 471.87] [1051 265 471.87] [1051 -265 471.87]],   1, [[0 -633 1574]]                                  , [perp]
SSEM12             ,    2    , 1   , ssem      , circular     ,   205     ,          0, true    , NA         , 0                 , NA          ,      0    , 0        , 0   , NA                       , NA                                                                           ,   0, NA                                               , 0
BAD11              , 5251.25 , 3051, rbend     , circular     ,   500     ,          0, false   , NA         , -0.04888884528188 , NA          ,   3300.348, 0        , -999, [SC111 SC112 SC113 SC114], [[-1051 265 471.87] [-1051 -265 471.87] [1051 265 471.87] [1051 -265 471.87]],   0, NA                                               , 0
BAF11              , 5249.25 , 2200, rbend     , circular     ,   500     ,          0, false   , NA         , -0.051681459351456, NA          ,   3300.348, 0        , -999, [SC115 SC116 SC117 SC118], [[-1051 265 471.87] [-1051 -265 471.87] [1051 265 471.87] [1051 -265 471.87]],   1, [[0 -628 1574]]                                  , [perp]
BAD12              , 5252.25 , 3050, rbend     , circular     ,   500     ,          0, false   , NA         , -0.04888884528188 , NA          ,   3300.348, 0        , -999, [SC121 SC122 SC123 SC124], [[-1051 265 471.87] [-1051 -265 471.87] [1051 265 471.87] [1051 -265 471.87]],   0, NA                                               , 0
BAF12              , 5249.25 , 2200, rbend     , circular     ,   500     ,          0, false   , NA         , -0.051681459351456, NA          ,   3300.348, 0        , -999, [SC125 SC126 SC127 SC128], [[-1051 265 471.87] [-1051 -265 471.87] [1051 265 471.87] [1051 -265 471.87]],   1, [[0 -625 1574]]                                  , [perp]
BAD13              , 5252.25 , 3050, rbend     , circular     ,   500     ,          0, false   , NA         , -0.04888884528188 , NA          ,   3300.348, 0        , -999, [SC131 SC132 SC133 SC134], [[-1051 265 471.87] [-1051 -265 471.87] [1051 265 471.87] [1051 -265 471.87]],   0, NA                                               , 0
BAF13              , 5248.25 , 2200, rbend     , circular     ,   500     ,          0, false   , NA         , -0.051681459351456, NA          ,   3300.348, 0        , -999, [SC135 SC136 SC137 SC138], [[-1051 265 471.87] [-1051 -265 471.87] [1051 265 471.87] [1051 -265 471.87]],   1, [[0 -619 1574]]                                  , [perp]
SSEM13             ,    2    , 1   , ssem      , circular     ,   205     ,          0, true    , NA         , 0                 , NA          ,      0    , 0        , 0   , NA                       , NA                                                                           ,   0, NA                                               , 0
BAD14              , 5251.25 , 3051, rbend     , circular     ,   500     ,          0, false   , NA         , -0.04888884528188 , NA          ,   3300.348, 0        , -999, [SC141 SC142 SC143 SC144], [[-1051 265 471.87] [-1051 -265 471.87] [1051 265 471.87] [1051 -265 471.87]],   0, NA                                               , 0
BAF14              , 5250.25 , 2200, rbend     , circular     ,   500     ,          0, false   , NA         , -0.051681459351456, NA          ,   3300.348, 0        , -999, [SC145 SC146 SC147 SC148], [[-1051 265 471.87] [-1051 -265 471.87] [1051 265 471.87] [1051 -265 471.87]],   1, [[1 -612 1576]]                                  , [perp]
arc_driftd         ,  663.12 , NA  , drift     , circular     ,   500     ,          0, true    , NA         , 0                 , NA          ,      0    , 0        , 0   , NA                       , NA                                                                           ,   0, NA                                               , 0
GV1                ,   98    , NA  , drift     , circular     ,   150     ,          0, true    , NA         , 0                 , NA          ,      0    , 0        , 0   , NA                       , NA                                                                           ,   0, NA                                               , 0
GV1d               ,  195    , NA  , drift     , circular     ,   150     ,          0, true    , NA         , 0                 , NA          ,      0    , 0        , 0   , NA                       , NA                                                                           ,   0, NA                                               , 0
CT4                ,  160    , 80  , drift     , circular     ,   190     ,          0, true    , NA         , 0                 , NA          ,      0    , 0        , 0   , NA                       , NA                                                                           ,   0, NA                                               , 0
FCV1u_ff           ,   90    , NA  , drift     , circular     ,   146     ,          0, true    , NA         , 0                 , NA          ,      0    , 0        , 0   , NA                       , NA                                                                           ,   0, NA                                               , 0
FCV1_ff            ,  250    , 125 , drift     , circular     ,   146     ,          0, true    , NA         , 0                 , NA          ,      0    , 0        , 0   , NA                       , NA                                                                           ,   0, NA                                               , 0
bellows_FQ1u       ,  140.75 , NA  , bellows   , circular     ,   146     ,          0, true    , NA         , 0                 , [11.74 0]   ,      0    , 0        , 0   , NA                       , NA                                                                           ,   0, NA                                               , 0
QFQ1               , 2580    , 1275, quadrupole, circular     ,   123.4567,          0, true    , [726 726]  , 0                 , NA          ,   2000    , 0        , -999, [FQ11 FQ12]              , [[-965 0 418] [965 0 418]]                                                   ,   0, NA                                               , 0
bellows_FQ1d       ,  140    , NA  , drift     , circular     ,   195     ,          0, true    , NA         , 0                 , NA          ,      0    , 0        , 0   , NA                       , NA                                                                           ,   0, NA                                               , 0
ESM15              ,  126    , 63  , drift     , circular     ,   178     ,          0, true    , NA         , 0                 , NA          ,      0    , 0        , 0   , NA                       , NA                                                                           ,   0, NA                                               , 0
SSEM14             ,  170    , 85  , ssem      , circular     ,   205     ,          0, true    , NA         , 0                 , NA          ,      0    , 0        , 0   , NA                       , NA                                                                           ,   0, NA                                               , 0
bellows_FV1u       ,  215    , NA  , bellows   , circular     ,   195     ,          0, true    , NA         , 0                 , [-0.608 0]  ,      0    , 0        , 0   , NA                       , NA                                                                           ,   0, NA                                               , 0
BFV1               , 1550    , 745 , rbend     , rectangular  ,   180     ,        104, true    , [800 1000] , 0                 , NA          ,   1000    , 1.5707963, -999, [FV11 FV12]              , [[-465 0 585] [465 0 585]]                                                   ,   1, [[10 -577 878]]                                  , [perp]
IPF1               ,  547    , NA  , drift     , circular     ,   190     ,          0, true    , NA         , 0                 , NA          ,      0    , 0        , 0   , NA                       , NA                                                                           ,   0, NA                                               , 0
BFH1               , 1550    , 745 , rbend     , rectangular  ,   180     ,        104, true    , [1000 480] , -0.00137039       , NA          ,   1000    , 0        , -999, [FH11 FH12]              , [[-465 0 325] [465 0 325]]                                                   ,   0, NA                                               , 0
IPF2               ,  400    , NA  , drift     , circular     ,   190     ,          0, true    , NA         , 0                 , NA          ,      0    , 0        , 0   , NA                       , 0                                                                            ,   1, [[-2 -215 1233]]                                 , [perp]
ESM16              ,  126    , 63  , drift     , circular     ,   178     ,          0, true    , NA         , 0                 , NA          ,      0    , 0        , 0   , NA                       , 0                                                                            ,   0, NA                                               , 0
BIF_pump_duct      , 1820    , NA  , drift     , circular     ,   203     ,          0, true    , NA         , 0                 , NA          ,      0    , 0        , 0   , NA                       , 0                                                                            ,   0, NA                                               , 0
BIF_bellows_u      ,  310    , NA  , drift     , circular     ,   210     ,          0, true    , NA         , 0                 , NA          ,      0    , 0        , 0   , NA                       , 0                                                                            ,   0, NA                                               , 0
BIF                ,  170    , 165 , drift     , circular     ,   203     ,          0, true    , NA         , 0                 , NA          ,      0    , 0        , 0   , NA                       , 0                                                                            ,   0, NA                                               , 0
BIF_bellows_d      ,  312.6  , NA  , drift     , circular     ,   210     ,          0, true    , NA         , 0                 , NA          ,      0    , 0        , 0   , NA                       , 0                                                                            ,   0, NA                                               , 0
BIF_gas_inlet      ,  384    , NA  , drift     , circular     ,   203     ,          0, true    , NA         , 0                 , NA          ,      0    , 0        , 0   , NA                       , 0                                                                            ,   0, NA                                               , 0
BIF_window         ,  900    , NA  , drift     , circular     ,   203     ,          0, true    , NA         , 0                 , NA          ,      0    , 0        , 0   , NA                       , 0                                                                            ,   0, NA                                               , 0
BFV2               , 1470    , 735 , rbend     , circular     ,   164     ,          0, true    , [1270 2260], 0                 , NA          ,    750    , 1.5707963, -999, [FV21 FV22]              , [[-340 0 1215] [340 0 1215]]                                                 ,   1, [[-87 -360 773]]                                 , [perp]
bellows_FV2d       ,  243    , NA  , drift     , circular     ,   195     ,          0, true    , NA         , 0                 , NA          ,      0    , 0        , 0   , NA                       , 0                                                                            ,   0, NA                                               , 0
SSEM15             ,  170    , 85  , ssem      , circular     ,   205     ,          0, true    , NA         , 0                 , NA          ,      0    , 0        , 0   , NA                       , 0                                                                            ,   0, NA                                               , 0
ESM17              ,  126    , 63  , drift     , circular     ,   178     ,          0, true    , NA         , 0                 , NA          ,      0    , 0        , 0   , NA                       , 0                                                                            ,   0, NA                                               , 0
bellows_FQ2u       ,  140.18 , NA  , drift     , circular     ,   195     ,          0, true    , NA         , 0                 , NA          ,      0    , 0        , 0   , NA                       , 0                                                                            ,   0, NA                                               , 0
QFQ2               , 3130    , 1536, quadrupole, rectangular  ,   204     ,        120, true    , [940 940]  , 0                 , NA          ,   2500    , 0        , -999, [FQ21 FQ22]              , [[-1215 0 525] [1215 0 525]]                                                 ,   1, [[0 -295 2052]]                                  , [perp]
ion_pump_3_ff      ,  400    , NA  , drift     , circular     ,   190     ,          0, true    , NA         , 0                 , NA          ,      0    , 0        , 0   , NA                       , 0                                                                            ,   0, NA                                               , 0
FCV2u_ff           ,   90    , NA  , drift     , circular     ,   195     ,          0, true    , NA         , 0                 , NA          ,      0    , 0        , 0   , NA                       , 0                                                                            ,   0, NA                                               , 0
FCV2_ff            ,  300    , NA  , drift     , circular     ,   200     ,          0, true    , NA         , 0                 , NA          ,      0    , 0        , 0   , NA                       , 0                                                                            ,   0, NA                                               , 0
FCV2d_ff           ,  200    , NA  , drift     , circular     ,   190     ,          0, true    , NA         , 0                 , NA          ,      0    , 0        , 0   , NA                       , 0                                                                            ,   0, NA                                               , 0
ion_pump_4_ff      ,  400    , NA  , drift     , circular     ,   190     ,          0, true    , NA         , 0                 , NA          ,      0    , 0        , 0   , NA                       , 0                                                                            ,   0, NA                                               , 0
bellows_FQ3u       ,  230.9  , NA  , drift     , circular     ,   190     ,          0, true    , NA         , 0                 , NA          ,      0    , 0        , 0   , NA                       , 0                                                                            ,   0, NA                                               , 0
QFQ3               , 3130    , 1536, quadrupole, rectangular  ,   204     ,        120, true    , [940 940]  , 0                 , NA          ,   2500    , 0        , -999, [FQ31 FQ32]              , [[-1215 0 525] [1215 0 525]]                                                 ,   1, [[-90 -365 1740]]                                , [perp]
bellows_FQ3d       ,  223    , NA  , drift     , circular     ,   195     ,          0, true    , NA         , 0                 , NA          ,      0    , 0        , 0   , NA                       , 0                                                                            ,   0, NA                                               , 0
ESM18              ,  126    , 63  , drift     , circular     ,   178     ,          0, true    , NA         , 0                 , NA          ,      0    , 0        , 0   , NA                       , 0                                                                            ,   0, NA                                               , 0
SSEM16             ,  170    , 85  , ssem      , circular     ,   205     ,          0, true    , NA         , 0                 , NA          ,      0    , 0        , 0   , NA                       , 0                                                                            ,   0, NA                                               , 0
bellows_FH2u       ,  215.9  , NA  , drift     , circular     ,   195     ,          0, true    , NA         , 0                 , NA          ,      0    , 0        , 0   , NA                       , 0                                                                            ,   0, NA                                               , 0
BFH2               , 1470    , 714 , rbend     , circular     ,   164     ,          0, true    , [2260 1270], 0                 , NA          ,    750    , 0        , -999, [FH21 FH22]              , [[-340 0 720] [340 0 720]]                                                   ,   1, [[18 -620 1044]]                                 , [perp]
bellows_FH2d       ,  386    , NA  , bellows   , circular     ,   195     ,          0, true    , NA         , 0.01265395        , [0.0 0.0]   ,      0    , 1.5707963, 0   , NA                       , 0                                                                            ,   0, NA                                               , 0
BFVD1              , 2730    , 1278, rbend     , rectangular  ,   210     ,        104, true    , [1100 1400], 0.0               , NA          ,   2000    , 1.5707963, -999, [FVD11 FVD12]            , [[-965 0 755] [965 0 755]]                                                   ,   1, [[-5 -970 1635]]                                 , [perp]
bellows_FVD1d      ,  261    , NA  , bellows   , circular     ,   195     ,          0, true    , NA         , 0.01265395        , [0.0 0.0]   ,      0    , 1.5707963, 0   , NA                       , 0                                                                            ,   0, NA                                               , 0
QFQ4               , 2120    , 1037, quadrupole, rectangular  ,   204     ,        120, true    , [840 840]  , 0                 , NA          ,   1500    , 0        , -999, [FQ41 FQ42]              , [[-715 0 505] [715 0 505]]                                                   ,   1, [[-88 -450 1104]]                                , [perp]
bellows_FQ4d       ,  140    , NA  , drift     , circular     ,   195     ,          0, true    , NA         , 0                 , NA          ,      0    , 0        , 0   , NA                       , 0                                                                            ,   0, NA                                               , 0
SSEM17             ,  170    , 85  , ssem      , circular     ,   205     ,          0, true    , NA         , 0                 , NA          ,      0    , 0        , 0   , NA                       , 0                                                                            ,   0, NA                                               , 0
ESM19              ,  126    , 63  , drift     , circular     ,   178     ,          0, true    , NA         , 0                 , NA          ,      0    , 0        , 0   , NA                       , 0                                                                            ,   0, NA                                               , 0
bellows_FVD2u      ,  127    , NA  , bellows   , circular     ,   195     ,          0, true    , NA         , 0.0192089         , [0.0 0.0]   ,      0    , 1.5707963, 0   , NA                       , 0                                                                            ,   0, NA                                               , 0
BFVD2              , 3180    , 1652, rbend     , rectangular  ,   210     ,        104, true    , [820 1560] , 0.0               , NA          ,   2500    , 1.5707963, -999, [FVD21 FVD22]            , [[-1215 0 835] [1215 0 835]]                                                 ,   1, [[20 -1127 1870]]                                , [perp]
bellows_FVD2d      ,  218    , NA  , bellows   , circular     ,   195     ,          0, true    , NA         , 0.0192089         , [0.0 0.0]   ,      0    , 1.5707963, 0   , NA                       , 0                                                                            ,   0, NA                                               , 0
ESM20              ,  126    , 63  , drift     , circular     ,   178     ,          0, true    , NA         , 0                 , NA          ,      0    , 0        , 0   , NA                       , 0                                                                            ,   0, NA                                               , 0
WSEM18             ,  170    , 85  , wsem      , circular     ,   205     ,          0, true    , NA         , 0                 , NA          ,      0    , 0        , 0   , NA                       , 0                                                                            ,   0, NA                                               , 0
CT5                ,  200    , NA  , drift     , circular     ,   190     ,          0, true    , NA         , 0                 , NA          ,      0    , 0        , 0   , NA                       , 0                                                                            ,   0, NA                                               , 0
bellows_GV2u_ff    ,  208    , NA  , drift     , circular     ,   190     ,          0, true    , NA         , 0                 , NA          ,      0    , 0        , 0   , NA                       , 0                                                                            ,   0, NA                                               , 0
duct_bellows       ,  145    , NA  , drift     , circular     ,   190     ,          0, true    , NA         , 0                 , NA          ,      0    , 0        , 0   , NA                       , 0                                                                            ,   0, NA                                               , 0
GV2_ff             ,  140    , NA  , drift     , circular     ,   200     ,          0, true    , NA         , 0                 , NA          ,      0    , 0        , 0   , NA                       , 0                                                                            ,   0, NA                                               , 0
bellows_GV2d_ff    ,  245    , NA  , drift     , circular     ,   195     ,          0, true    , NA         , 0                 , NA          ,      0    , 0        , 0   , NA                       , 0                                                                            ,   0, NA                                               , 0
bent_duct          ,  294    , NA  , drift     , circular     ,   190     ,          0, true    , NA         , 0                 , NA          ,      0    , 0        , 0   , NA                       , 0                                                                            ,   0, NA                                               , 0
conversion_flange  ,   30    , NA  , drift     , circular     ,   240     ,          0, true    , NA         , 0                 , NA          ,      0    , 0        , 0   , NA                       , 0                                                                            ,   0, NA                                               , 0
pillow_flange      ,   30.5  , NA  , drift     , circular     ,   240     ,          0, true    , NA         , 0                 , NA          ,      0    , 0        , 0   , NA                       , 0                                                                            ,   0, NA                                               , 0
pillow_seal        ,  134.5  , NA  , drift     , circular     ,   240     ,          0, true    , NA         , 0                 , NA          ,      0    , 0        , 0   , NA                       , 0                                                                            ,   0, NA                                               , 0
SSEM19             ,  170    , 85  , ssem      , circular     ,   240     ,          0, true    , NA         , 0                 , NA          ,      0    , 0        , 0   , NA                       , 0                                                                            ,   0, NA                                               , 0
he_vessel          , 2821    , NA  , drift     , circular     ,   300     ,          0, true    , NA         , 0                 , NA          ,      0    , 0        , 0   , NA                       , 0                                                                            ,   0, NA                                               , 0
otr                ,    2    , 1   , ssem      , circular     ,   300     ,          0, true    , NA         , 0                 , NA          ,      0    , 0        , 0   , NA                       , 0                                                                            ,   0, NA                                               , 0
he_vessel_after_otr,  270.8  , NA  , drift     , circular     ,   300     ,          0, true    , NA         , 0                 , NA          ,      0    , 0        , 0   , NA                       , 0                                                                            ,   0, NA                                               , 0
t2k_target         ,  900    , NA  , dump      , circular     ,   300     ,          0, true    , NA         , 0                 , NA          ,      0    , 0        , 0   , NA                       , 0                                                                            ,   0, NA                                               , 0