element, current, kval
BPD2, 0, -0.0328401
BPD2, 10, -0.0325839
BPD2, 20, -0.0323267
BPD2, 30, -0.0320687
BPD2, 40, -0.0318098
BPD2, 50, -0.0315501
BPD2, 60, -0.0312896
BPD2, 70, -0.0310283
BPD2, 80, -0.0307662
BPD2, 90, -0.0305034
BPD2, 100, -0.0302398
BPD2, 110, -0.0299755
BPD2, 120, -0.0297104
BPD2, 130, -0.0294447
BPD2, 140, -0.0291783
BPD2, 150, -0.0289112
BPD2, 160, -0.0286435
BPD2, 170, -0.0283752
BPD2, 180, -0.0281062
BPD2, 190, -0.0278367
BPD2, 200, -0.0275666
BPD2, 210, -0.0272959
BPD2, 220, -0.0270247
BPD2, 230, -0.026753
BPD2, 240, -0.0264807
BPD2, 250, -0.026208
BPD2, 260, -0.0259348
BPD2, 270, -0.0256611
BPD2, 280, -0.025387
BPD2, 290, -0.0251124
BPD2, 300, -0.0248375
BPD2, 310, -0.0245621
BPD2, 320, -0.0242864
BPD2, 330, -0.0240103
BPD2, 340, -0.0237339
BPD2, 350, -0.0234571
BPD2, 360, -0.02318
BPD2, 370, -0.0229027
BPD2, 380, -0.022625
BPD2, 390, -0.0223471
BPD2, 400, -0.0220689
BPD2, 410, -0.0217905
BPD2, 420, -0.0215118
BPD2, 430, -0.021233
BPD2, 440, -0.0209539
BPD2, 450, -0.0206747
BPD2, 460, -0.0203954
BPD2, 470, -0.0201158
BPD2, 480, -0.0198362
BPD2, 490, -0.0195564
BPD2, 500, -0.0192766
BPD2, 510, -0.0189966
BPD2, 520, -0.0187166
BPD2, 530, -0.0184366
BPD2, 540, -0.0181565
BPD2, 550, -0.0178763
BPD2, 560, -0.0175962
BPD2, 570, -0.0173161
BPD2, 580, -0.0170359
BPD2, 590, -0.0167559
BPD2, 600, -0.0164758
BPD2, 610, -0.0161958
BPD2, 620, -0.015916
BPD2, 630, -0.0156362
BPD2, 640, -0.0153565
BPD2, 650, -0.0150769
BPD2, 660, -0.0147974
BPD2, 670, -0.0145181
BPD2, 680, -0.014239
BPD2, 690, -0.01396
BPD2, 700, -0.0136813
BPD2, 710, -0.0134027
BPD2, 720, -0.0131243
BPD2, 730, -0.0128462
BPD2, 740, -0.0125683
BPD2, 750, -0.0122907
BPD2, 760, -0.0120134
BPD2, 770, -0.0117363
BPD2, 780, -0.0114596
BPD2, 790, -0.0111831
BPD2, 800, -0.010907
BPD2, 810, -0.0106312
BPD2, 820, -0.0103558
BPD2, 830, -0.0100807
BPD2, 840, -0.00980599
BPD2, 850, -0.00953168
BPD2, 860, -0.00925778
BPD2, 870, -0.0089843
BPD2, 880, -0.00871125
BPD2, 890, -0.00843864
BPD2, 900, -0.00816648
BPD2, 910, -0.00789479
BPD2, 920, -0.00762358
BPD2, 930, -0.00735286
BPD2, 940, -0.00708265
BPD2, 950, -0.00681296
BPD2, 960, -0.0065438
BPD2, 970, -0.00627518
BPD2, 980, -0.00600711
BPD2, 990, -0.00573961
BPD2, 1000, -0.00547269
BPD2, 1010, -0.00520636
BPD2, 1020, -0.00494063
BPD2, 1030, -0.00467552
BPD2, 1040, -0.00441104
BPD2, 1050, -0.00414719
BPD2, 1060, -0.003884
BPD2, 1070, -0.00362146
BPD2, 1080, -0.00335961
BPD2, 1090, -0.00309843
BPD2, 1100, -0.00283796
BPD2, 1110, -0.00257819
BPD2, 1120, -0.00231915
BPD2, 1130, -0.00206083
BPD2, 1140, -0.00180326
BPD2, 1150, -0.00154644
BPD2, 1160, -0.00129039
BPD2, 1170, -0.00103512
BPD2, 1180, -0.000780628
BPD2, 1190, -0.00052694
BPD2, 1200, -0.000274061
BPD2, 1210, -2.20032e-05
BPD2, 1220, 0.000229223
BPD2, 1230, 0.000479607
BPD2, 1240, 0.000729137
BPD2, 1250, 0.000977804
BPD2, 1260, 0.0012256
BPD2, 1270, 0.0014725
BPD2, 1280, 0.00171851
BPD2, 1290, 0.00196362
BPD2, 1300, 0.00220781
BPD2, 1310, 0.00245107
BPD2, 1320, 0.00269339
BPD2, 1330, 0.00293477
BPD2, 1340, 0.00317519
BPD2, 1350, 0.00341464
BPD2, 1360, 0.00365311
BPD2, 1370, 0.0038906
BPD2, 1380, 0.00412708
BPD2, 1390, 0.00436256
BPD2, 1400, 0.00459703
BPD2, 1410, 0.00483046
BPD2, 1420, 0.00506286
BPD2, 1430, 0.00529421
BPD2, 1440, 0.0055245
BPD2, 1450, 0.00575373
BPD2, 1460, 0.00598188
BPD2, 1470, 0.00620895
BPD2, 1480, 0.00643493
BPD2, 1490, 0.0066598
BPD2, 1500, 0.00688355
BPD2, 1510, 0.00710619
BPD2, 1520, 0.00732769
BPD2, 1530, 0.00754806
BPD2, 1540, 0.00776727
BPD2, 1550, 0.00798533
BPD2, 1560, 0.00820222
BPD2, 1570, 0.00841793
BPD2, 1580, 0.00863246
BPD2, 1590, 0.00884579
BPD2, 1600, 0.00905792
BPD2, 1610, 0.00926885
BPD2, 1620, 0.00947855
BPD2, 1630, 0.00968702
BPD2, 1640, 0.00989426
BPD2, 1650, 0.0101003
BPD2, 1660, 0.010305
BPD2, 1670, 0.0105085
BPD2, 1680, 0.0107107
BPD2, 1690, 0.0109116
BPD2, 1700, 0.0111112
BPD2, 1710, 0.0113096
BPD2, 1720, 0.0115066
BPD2, 1730, 0.0117024
BPD2, 1740, 0.0118968
BPD2, 1750, 0.0120899
BPD2, 1760, 0.0122817
BPD2, 1770, 0.0124721
BPD2, 1780, 0.0126612
BPD2, 1790, 0.0128489
BPD2, 1800, 0.0130352
BPD2, 1810, 0.0132202
BPD2, 1820, 0.0134038
BPD2, 1830, 0.013586
BPD2, 1840, 0.0137668
BPD2, 1850, 0.0139463
BPD2, 1860, 0.0141243
BPD2, 1870, 0.0143009
BPD2, 1880, 0.014476
BPD2, 1890, 0.0146498
BPD2, 1900, 0.0148221
BPD2, 1910, 0.014993
BPD2, 1920, 0.0151624
BPD2, 1930, 0.0153303
BPD2, 1940, 0.0154968
BPD2, 1950, 0.0156619
BPD2, 1960, 0.0158254
BPD2, 1970, 0.0159875
BPD2, 1980, 0.0161481
BPD2, 1990, 0.0163071
BPD2, 2000, 0.0164647
BFVD2, 0, 0.0379399
BFVD2, 10, 0.0376698
BFVD2, 20, 0.0373982
BFVD2, 30, 0.037125
BFVD2, 40, 0.0368503
BFVD2, 50, 0.0365741
BFVD2, 60, 0.0362965
BFVD2, 70, 0.0360175
BFVD2, 80, 0.0357371
BFVD2, 90, 0.0354554
BFVD2, 100, 0.0351723
BFVD2, 110, 0.034888
BFVD2, 120, 0.0346025
BFVD2, 130, 0.0343157
BFVD2, 140, 0.0340278
BFVD2, 150, 0.0337387
BFVD2, 160, 0.0334485
BFVD2, 170, 0.0331573
BFVD2, 180, 0.0328649
BFVD2, 190, 0.0325716
BFVD2, 200, 0.0322773
BFVD2, 210, 0.031982
BFVD2, 220, 0.0316858
BFVD2, 230, 0.0313888
BFVD2, 240, 0.0310908
BFVD2, 250, 0.0307921
BFVD2, 260, 0.0304925
BFVD2, 270, 0.0301922
BFVD2, 280, 0.0298911
BFVD2, 290, 0.0295893
BFVD2, 300, 0.0292869
BFVD2, 310, 0.0289838
BFVD2, 320, 0.0286801
BFVD2, 330, 0.0283759
BFVD2, 340, 0.028071
BFVD2, 350, 0.0277657
BFVD2, 360, 0.0274599
BFVD2, 370, 0.0271535
BFVD2, 380, 0.0268468
BFVD2, 390, 0.0265397
BFVD2, 400, 0.0262322
BFVD2, 410, 0.0259243
BFVD2, 420, 0.0256161
BFVD2, 430, 0.0253077
BFVD2, 440, 0.0249989
BFVD2, 450, 0.02469
BFVD2, 460, 0.0243808
BFVD2, 470, 0.0240715
BFVD2, 480, 0.023762
BFVD2, 490, 0.0234524
BFVD2, 500, 0.0231427
BFVD2, 510, 0.022833
BFVD2, 520, 0.0225232
BFVD2, 530, 0.0222134
BFVD2, 540, 0.0219036
BFVD2, 550, 0.0215939
BFVD2, 560, 0.0212842
BFVD2, 570, 0.0209746
BFVD2, 580, 0.0206652
BFVD2, 590, 0.0203559
BFVD2, 600, 0.0200468
BFVD2, 610, 0.0197379
BFVD2, 620, 0.0194292
BFVD2, 630, 0.0191208
BFVD2, 640, 0.0188126
BFVD2, 650, 0.0185048
BFVD2, 660, 0.0181973
BFVD2, 670, 0.0178901
BFVD2, 680, 0.0175833
BFVD2, 690, 0.0172769
BFVD2, 700, 0.0169709
BFVD2, 710, 0.0166654
BFVD2, 720, 0.0163604
BFVD2, 730, 0.0160558
BFVD2, 740, 0.0157518
BFVD2, 750, 0.0154483
BFVD2, 760, 0.0151454
BFVD2, 770, 0.014843
BFVD2, 780, 0.0145413
BFVD2, 790, 0.0142402
BFVD2, 800, 0.0139397
BFVD2, 810, 0.0136399
BFVD2, 820, 0.0133409
BFVD2, 830, 0.0130425
BFVD2, 840, 0.0127449
BFVD2, 850, 0.012448
BFVD2, 860, 0.0121519
BFVD2, 870, 0.0118566
BFVD2, 880, 0.0115621
BFVD2, 890, 0.0112685
BFVD2, 900, 0.0109757
BFVD2, 910, 0.0106838
BFVD2, 920, 0.0103928
BFVD2, 930, 0.0101027
BFVD2, 940, 0.00981359
BFVD2, 950, 0.00952538
BFVD2, 960, 0.00923815
BFVD2, 970, 0.0089519
BFVD2, 980, 0.00866665
BFVD2, 990, 0.00838243
BFVD2, 1000, 0.00809925
BFVD2, 1010, 0.00781712
BFVD2, 1020, 0.00753606
BFVD2, 1030, 0.00725609
BFVD2, 1040, 0.00697722
BFVD2, 1050, 0.00669948
BFVD2, 1060, 0.00642286
BFVD2, 1070, 0.0061474
BFVD2, 1080, 0.0058731
BFVD2, 1090, 0.00559998
BFVD2, 1100, 0.00532805
BFVD2, 1110, 0.00505733
BFVD2, 1120, 0.00478783
BFVD2, 1130, 0.00451956
BFVD2, 1140, 0.00425254
BFVD2, 1150, 0.00398678
BFVD2, 1160, 0.00372229
BFVD2, 1170, 0.00345908
BFVD2, 1180, 0.00319717
BFVD2, 1190, 0.00293656
BFVD2, 1200, 0.00267728
BFVD2, 1210, 0.00241932
BFVD2, 1220, 0.0021627
BFVD2, 1230, 0.00190744
BFVD2, 1240, 0.00165353
BFVD2, 1250, 0.00140099
BFVD2, 1260, 0.00114984
BFVD2, 1270, 0.000900069
BFVD2, 1280, 0.000651697
BFVD2, 1290, 0.000404731
BFVD2, 1300, 0.000159178
BFVD2, 1310, -8.49529e-05
BFVD2, 1320, -0.000327655
BFVD2, 1330, -0.000568922
BFVD2, 1340, -0.000808746
BFVD2, 1350, -0.00104712
BFVD2, 1360, -0.00128404
BFVD2, 1370, -0.0015195
BFVD2, 1380, -0.00175349
BFVD2, 1390, -0.00198601
BFVD2, 1400, -0.00221706
BFVD2, 1410, -0.00244662
BFVD2, 1420, -0.0026747
BFVD2, 1430, -0.00290129
BFVD2, 1440, -0.00312639
BFVD2, 1450, -0.00334999
BFVD2, 1460, -0.0035721
BFVD2, 1470, -0.0037927
BFVD2, 1480, -0.00401181
BFVD2, 1490, -0.00422941
BFVD2, 1500, -0.00444551
BFVD2, 1510, -0.0046601
BFVD2, 1520, -0.00487318
BFVD2, 1530, -0.00508476
BFVD2, 1540, -0.00529483
BFVD2, 1550, -0.0055034
BFVD2, 1560, -0.00571047
BFVD2, 1570, -0.00591603
BFVD2, 1580, -0.00612009
BFVD2, 1590, -0.00632265
BFVD2, 1600, -0.00652371
BFVD2, 1610, -0.00672328
BFVD2, 1620, -0.00692136
BFVD2, 1630, -0.00711795
BFVD2, 1640, -0.00731306
BFVD2, 1650, -0.0075067
BFVD2, 1660, -0.00769886
BFVD2, 1670, -0.00788955
BFVD2, 1680, -0.00807878
BFVD2, 1690, -0.00826655
BFVD2, 1700, -0.00845287
BFVD2, 1710, -0.00863775
BFVD2, 1720, -0.00882119
BFVD2, 1730, -0.00900321
BFVD2, 1740, -0.0091838
BFVD2, 1750, -0.00936298
BFVD2, 1760, -0.00954076
BFVD2, 1770, -0.00971715
BFVD2, 1780, -0.00989215
BFVD2, 1790, -0.0100658
BFVD2, 1800, -0.010238
BFVD2, 1810, -0.010409
BFVD2, 1820, -0.0105785
BFVD2, 1830, -0.0107468
BFVD2, 1840, -0.0109137
BFVD2, 1850, -0.0110793
BFVD2, 1860, -0.0112436
BFVD2, 1870, -0.0114067
BFVD2, 1880, -0.0115685
BFVD2, 1890, -0.011729
BFVD2, 1900, -0.0118883
BFVD2, 1910, -0.0120464
BFVD2, 1920, -0.0122033
BFVD2, 1930, -0.012359
BFVD2, 1940, -0.0125135
BFVD2, 1950, -0.0126669
BFVD2, 1960, -0.0128192
BFVD2, 1970, -0.0129703
BFVD2, 1980, -0.0131203
BFVD2, 1990, -0.0132692
BFVD2, 2000, -0.0134171
BFVD1, 0, 0.0250451
BFVD1, 10, 0.0248948
BFVD1, 20, 0.0247409
BFVD1, 30, 0.0245837
BFVD1, 40, 0.0244233
BFVD1, 50, 0.0242597
BFVD1, 60, 0.0240931
BFVD1, 70, 0.0239237
BFVD1, 80, 0.0237515
BFVD1, 90, 0.0235768
BFVD1, 100, 0.0233995
BFVD1, 110, 0.0232198
BFVD1, 120, 0.0230378
BFVD1, 130, 0.0228537
BFVD1, 140, 0.0226675
BFVD1, 150, 0.0224793
BFVD1, 160, 0.0222892
BFVD1, 170, 0.0220974
BFVD1, 180, 0.0219038
BFVD1, 190, 0.0217087
BFVD1, 200, 0.021512
BFVD1, 210, 0.021314
BFVD1, 220, 0.0211146
BFVD1, 230, 0.0209139
BFVD1, 240, 0.0207121
BFVD1, 250, 0.0205091
BFVD1, 260, 0.0203051
BFVD1, 270, 0.0201002
BFVD1, 280, 0.0198943
BFVD1, 290, 0.0196877
BFVD1, 300, 0.0194802
BFVD1, 310, 0.0192721
BFVD1, 320, 0.0190634
BFVD1, 330, 0.0188541
BFVD1, 340, 0.0186442
BFVD1, 350, 0.0184339
BFVD1, 360, 0.0182232
BFVD1, 370, 0.0180121
BFVD1, 380, 0.0178008
BFVD1, 390, 0.0175891
BFVD1, 400, 0.0173773
BFVD1, 410, 0.0171653
BFVD1, 420, 0.0169531
BFVD1, 430, 0.0167409
BFVD1, 440, 0.0165287
BFVD1, 450, 0.0163164
BFVD1, 460, 0.0161042
BFVD1, 470, 0.0158921
BFVD1, 480, 0.0156801
BFVD1, 490, 0.0154682
BFVD1, 500, 0.0152565
BFVD1, 510, 0.015045
BFVD1, 520, 0.0148337
BFVD1, 530, 0.0146227
BFVD1, 540, 0.014412
BFVD1, 550, 0.0142016
BFVD1, 560, 0.0139915
BFVD1, 570, 0.0137818
BFVD1, 580, 0.0135725
BFVD1, 590, 0.0133636
BFVD1, 600, 0.0131552
BFVD1, 610, 0.0129472
BFVD1, 620, 0.0127396
BFVD1, 630, 0.0125326
BFVD1, 640, 0.0123261
BFVD1, 650, 0.0121201
BFVD1, 660, 0.0119146
BFVD1, 670, 0.0117097
BFVD1, 680, 0.0115053
BFVD1, 690, 0.0113016
BFVD1, 700, 0.0110984
BFVD1, 710, 0.0108959
BFVD1, 720, 0.0106939
BFVD1, 730, 0.0104926
BFVD1, 740, 0.010292
BFVD1, 750, 0.010092
BFVD1, 760, 0.00989263
BFVD1, 770, 0.00969395
BFVD1, 780, 0.00949595
BFVD1, 790, 0.00929863
BFVD1, 800, 0.009102
BFVD1, 810, 0.00890608
BFVD1, 820, 0.00871086
BFVD1, 830, 0.00851635
BFVD1, 840, 0.00832255
BFVD1, 850, 0.00812948
BFVD1, 860, 0.00793714
BFVD1, 870, 0.00774553
BFVD1, 880, 0.00755465
BFVD1, 890, 0.00736451
BFVD1, 900, 0.00717512
BFVD1, 910, 0.00698647
BFVD1, 920, 0.00679858
BFVD1, 930, 0.00661144
BFVD1, 940, 0.00642505
BFVD1, 950, 0.00623942
BFVD1, 960, 0.00605455
BFVD1, 970, 0.00587045
BFVD1, 980, 0.00568711
BFVD1, 990, 0.00550454
BFVD1, 1000, 0.00532274
BFVD1, 1010, 0.00514171
BFVD1, 1020, 0.00496145
BFVD1, 1030, 0.00478197
BFVD1, 1040, 0.00460326
BFVD1, 1050, 0.00442534
BFVD1, 1060, 0.00424819
BFVD1, 1070, 0.00407182
BFVD1, 1080, 0.00389623
BFVD1, 1090, 0.00372143
BFVD1, 1100, 0.00354741
BFVD1, 1110, 0.00337418
BFVD1, 1120, 0.00320174
BFVD1, 1130, 0.00303008
BFVD1, 1140, 0.00285922
BFVD1, 1150, 0.00268914
BFVD1, 1160, 0.00251986
BFVD1, 1170, 0.00235138
BFVD1, 1180, 0.00218369
BFVD1, 1190, 0.0020168
BFVD1, 1200, 0.00185072
BFVD1, 1210, 0.00168543
BFVD1, 1220, 0.00152095
BFVD1, 1230, 0.00135727
BFVD1, 1240, 0.0011944
BFVD1, 1250, 0.00103234
BFVD1, 1260, 0.000871093
BFVD1, 1270, 0.00071066
BFVD1, 1280, 0.000551043
BFVD1, 1290, 0.000392246
BFVD1, 1300, 0.000234271
BFVD1, 1310, 7.712e-05
BFVD1, 1320, -7.9204e-05
BFVD1, 1330, -0.000234698
BFVD1, 1340, -0.00038936
BFVD1, 1350, -0.000543185
BFVD1, 1360, -0.000696173
BFVD1, 1370, -0.000848318
BFVD1, 1380, -0.000999618
BFVD1, 1390, -0.00115007
BFVD1, 1400, -0.00129967
BFVD1, 1410, -0.00144842
BFVD1, 1420, -0.0015963
BFVD1, 1430, -0.00174333
BFVD1, 1440, -0.00188949
BFVD1, 1450, -0.00203478
BFVD1, 1460, -0.00217919
BFVD1, 1470, -0.00232273
BFVD1, 1480, -0.00246539
BFVD1, 1490, -0.00260717
BFVD1, 1500, -0.00274806
BFVD1, 1510, -0.00288805
BFVD1, 1520, -0.00302715
BFVD1, 1530, -0.00316536
BFVD1, 1540, -0.00330266
BFVD1, 1550, -0.00343905
BFVD1, 1560, -0.00357453
BFVD1, 1570, -0.0037091
BFVD1, 1580, -0.00384275
BFVD1, 1590, -0.00397548
BFVD1, 1600, -0.00410729
BFVD1, 1610, -0.00423817
BFVD1, 1620, -0.00436812
BFVD1, 1630, -0.00449714
BFVD1, 1640, -0.00462522
BFVD1, 1650, -0.00475236
BFVD1, 1660, -0.00487856
BFVD1, 1670, -0.00500381
BFVD1, 1680, -0.00512812
BFVD1, 1690, -0.00525149
BFVD1, 1700, -0.0053739
BFVD1, 1710, -0.00549536
BFVD1, 1720, -0.00561587
BFVD1, 1730, -0.00573543
BFVD1, 1740, -0.00585403
BFVD1, 1750, -0.00597168
BFVD1, 1760, -0.00608838
BFVD1, 1770, -0.00620412
BFVD1, 1780, -0.00631891
BFVD1, 1790, -0.00643275
BFVD1, 1800, -0.00654564
BFVD1, 1810, -0.00665758
BFVD1, 1820, -0.00676858
BFVD1, 1830, -0.00687863
BFVD1, 1840, -0.00698775
BFVD1, 1850, -0.00709593
BFVD1, 1860, -0.00720318
BFVD1, 1870, -0.00730951
BFVD1, 1880, -0.00741492
BFVD1, 1890, -0.00751942
BFVD1, 1900, -0.00762301
BFVD1, 1910, -0.0077257
BFVD1, 1920, -0.00782751
BFVD1, 1930, -0.00792843
BFVD1, 1940, -0.00802849
BFVD1, 1950, -0.00812768
BFVD1, 1960, -0.00822603
BFVD1, 1970, -0.00832354
BFVD1, 1980, -0.00842023
BFVD1, 1990, -0.00851611
BFVD1, 2000, -0.0086112
BPD1, 0, -0.0335094
BPD1, 10, -0.0333103
BPD1, 20, -0.0330353
BPD1, 30, -0.0327598
BPD1, 40, -0.0324837
BPD1, 50, -0.032207
BPD1, 60, -0.0319297
BPD1, 70, -0.0316519
BPD1, 80, -0.0313736
BPD1, 90, -0.0310947
BPD1, 100, -0.0308154
BPD1, 110, -0.0305355
BPD1, 120, -0.0302552
BPD1, 130, -0.0299744
BPD1, 140, -0.0296931
BPD1, 150, -0.0294114
BPD1, 160, -0.0291292
BPD1, 170, -0.0288467
BPD1, 180, -0.0285637
BPD1, 190, -0.0282803
BPD1, 200, -0.0279966
BPD1, 210, -0.0277125
BPD1, 220, -0.0274281
BPD1, 230, -0.0271433
BPD1, 240, -0.0268582
BPD1, 250, -0.0265727
BPD1, 260, -0.026287
BPD1, 270, -0.026001
BPD1, 280, -0.0257148
BPD1, 290, -0.0254282
BPD1, 300, -0.0251415
BPD1, 310, -0.0248545
BPD1, 320, -0.0245673
BPD1, 330, -0.0242799
BPD1, 340, -0.0239923
BPD1, 350, -0.0237045
BPD1, 360, -0.0234166
BPD1, 370, -0.0231286
BPD1, 380, -0.0228404
BPD1, 390, -0.0225521
BPD1, 400, -0.0222637
BPD1, 410, -0.0219752
BPD1, 420, -0.0216867
BPD1, 430, -0.0213981
BPD1, 440, -0.0211094
BPD1, 450, -0.0208207
BPD1, 460, -0.0205321
BPD1, 470, -0.0202434
BPD1, 480, -0.0199547
BPD1, 490, -0.0196661
BPD1, 500, -0.0193775
BPD1, 510, -0.0190889
BPD1, 520, -0.0188005
BPD1, 530, -0.0185121
BPD1, 540, -0.0182238
BPD1, 550, -0.0179357
BPD1, 560, -0.0176477
BPD1, 570, -0.0173598
BPD1, 580, -0.0170721
BPD1, 590, -0.0167845
BPD1, 600, -0.0164972
BPD1, 610, -0.01621
BPD1, 620, -0.0159231
BPD1, 630, -0.0156364
BPD1, 640, -0.01535
BPD1, 650, -0.0150638
BPD1, 660, -0.0147779
BPD1, 670, -0.0144923
BPD1, 680, -0.0142069
BPD1, 690, -0.0139219
BPD1, 700, -0.0136373
BPD1, 710, -0.013353
BPD1, 720, -0.013069
BPD1, 730, -0.0127854
BPD1, 740, -0.0125022
BPD1, 750, -0.0122194
BPD1, 760, -0.011937
BPD1, 770, -0.0116551
BPD1, 780, -0.0113736
BPD1, 790, -0.0110925
BPD1, 800, -0.010812
BPD1, 810, -0.0105319
BPD1, 820, -0.0102523
BPD1, 830, -0.00997322
BPD1, 840, -0.00969467
BPD1, 850, -0.00941666
BPD1, 860, -0.00913921
BPD1, 870, -0.00886232
BPD1, 880, -0.008586
BPD1, 890, -0.00831029
BPD1, 900, -0.00803517
BPD1, 910, -0.00776068
BPD1, 920, -0.00748682
BPD1, 930, -0.0072136
BPD1, 940, -0.00694104
BPD1, 950, -0.00666915
BPD1, 960, -0.00639794
BPD1, 970, -0.00612742
BPD1, 980, -0.00585762
BPD1, 990, -0.00558853
BPD1, 1000, -0.00532018
BPD1, 1010, -0.00505257
BPD1, 1020, -0.00478572
BPD1, 1030, -0.00451963
BPD1, 1040, -0.00425433
BPD1, 1050, -0.00398981
BPD1, 1060, -0.0037261
BPD1, 1070, -0.00346321
BPD1, 1080, -0.00320114
BPD1, 1090, -0.00293991
BPD1, 1100, -0.00267953
BPD1, 1110, -0.00242
BPD1, 1120, -0.00216135
BPD1, 1130, -0.00190359
BPD1, 1140, -0.00164671
BPD1, 1150, -0.00139074
BPD1, 1160, -0.00113568
BPD1, 1170, -0.000881541
BPD1, 1180, -0.00062834
BPD1, 1190, -0.000376083
BPD1, 1200, -0.000124781
BPD1, 1210, 0.000125558
BPD1, 1220, 0.000374922
BPD1, 1230, 0.000623303
BPD1, 1240, 0.000870691
BPD1, 1250, 0.00111708
BPD1, 1260, 0.00136245
BPD1, 1270, 0.00160681
BPD1, 1280, 0.00185013
BPD1, 1290, 0.00209242
BPD1, 1300, 0.00233366
BPD1, 1310, 0.00257385
BPD1, 1320, 0.00281297
BPD1, 1330, 0.00305103
BPD1, 1340, 0.003288
BPD1, 1350, 0.00352389
BPD1, 1360, 0.00375868
BPD1, 1370, 0.00399238
BPD1, 1380, 0.00422496
BPD1, 1390, 0.00445643
BPD1, 1400, 0.00468677
BPD1, 1410, 0.00491599
BPD1, 1420, 0.00514407
BPD1, 1430, 0.00537101
BPD1, 1440, 0.0055968
BPD1, 1450, 0.00582143
BPD1, 1460, 0.00604491
BPD1, 1470, 0.00626722
BPD1, 1480, 0.00648836
BPD1, 1490, 0.00670832
BPD1, 1500, 0.0069271
BPD1, 1510, 0.00714469
BPD1, 1520, 0.00736109
BPD1, 1530, 0.0075763
BPD1, 1540, 0.00779031
BPD1, 1550, 0.00800311
BPD1, 1560, 0.00821471
BPD1, 1570, 0.00842509
BPD1, 1580, 0.00863426
BPD1, 1590, 0.00884221
BPD1, 1600, 0.00904894
BPD1, 1610, 0.00925444
BPD1, 1620, 0.00945872
BPD1, 1630, 0.00966178
BPD1, 1640, 0.00986359
BPD1, 1650, 0.0100642
BPD1, 1660, 0.0102635
BPD1, 1670, 0.0104617
BPD1, 1680, 0.0106585
BPD1, 1690, 0.0108542
BPD1, 1700, 0.0110486
BPD1, 1710, 0.0112417
BPD1, 1720, 0.0114337
BPD1, 1730, 0.0116243
BPD1, 1740, 0.0118138
BPD1, 1750, 0.012002
BPD1, 1760, 0.0121889
BPD1, 1770, 0.0123747
BPD1, 1780, 0.0125592
BPD1, 1790, 0.0127424
BPD1, 1800, 0.0129244
BPD1, 1810, 0.0131052
BPD1, 1820, 0.0132848
BPD1, 1830, 0.0134631
BPD1, 1840, 0.0136402
BPD1, 1850, 0.0138161
BPD1, 1860, 0.0139908
BPD1, 1870, 0.0141642
BPD1, 1880, 0.0143365
BPD1, 1890, 0.0145075
BPD1, 1900, 0.0146773
BPD1, 1910, 0.014846
BPD1, 1920, 0.0150134
BPD1, 1930, 0.0151797
BPD1, 1940, 0.0153447
BPD1, 1950, 0.0155086
BPD1, 1960, 0.0156713
BPD1, 1970, 0.0158329
BPD1, 1980, 0.0159933
BPD1, 1990, 0.0161525
BPD1, 2000, 0.0163106
BPH2, -1000, -0.00290021
BPH2, -990, -0.00287718
BPH2, -980, -0.00285406
BPH2, -970, -0.00283084
BPH2, -960, -0.00280752
BPH2, -950, -0.0027841
BPH2, -940, -0.00276057
BPH2, -930, -0.00273694
BPH2, -920, -0.00271321
BPH2, -910, -0.00268936
BPH2, -900, -0.0026654
BPH2, -890, -0.00264134
BPH2, -880, -0.00261715
BPH2, -870, -0.00259285
BPH2, -860, -0.00256844
BPH2, -850, -0.0025439
BPH2, -840, -0.00251924
BPH2, -830, -0.00249446
BPH2, -820, -0.00246956
BPH2, -810, -0.00244453
BPH2, -800, -0.00241938
BPH2, -790, -0.0023941
BPH2, -780, -0.00236869
BPH2, -770, -0.00234314
BPH2, -760, -0.00231747
BPH2, -750, -0.00229166
BPH2, -740, -0.00226572
BPH2, -730, -0.00223965
BPH2, -720, -0.00221344
BPH2, -710, -0.00218709
BPH2, -700, -0.0021606
BPH2, -690, -0.00213398
BPH2, -680, -0.00210722
BPH2, -670, -0.00208031
BPH2, -660, -0.00205326
BPH2, -650, -0.00202607
BPH2, -640, -0.00199874
BPH2, -630, -0.00197127
BPH2, -620, -0.00194365
BPH2, -610, -0.00191588
BPH2, -600, -0.00188797
BPH2, -590, -0.00185992
BPH2, -580, -0.00183172
BPH2, -570, -0.00180337
BPH2, -560, -0.00177487
BPH2, -550, -0.00174623
BPH2, -540, -0.00171743
BPH2, -530, -0.00168849
BPH2, -520, -0.0016594
BPH2, -510, -0.00163017
BPH2, -500, -0.00160078
BPH2, -490, -0.00157124
BPH2, -480, -0.00154156
BPH2, -470, -0.00151172
BPH2, -460, -0.00148173
BPH2, -450, -0.0014516
BPH2, -440, -0.00142131
BPH2, -430, -0.00139088
BPH2, -420, -0.0013603
BPH2, -410, -0.00132956
BPH2, -400, -0.00129868
BPH2, -390, -0.00126765
BPH2, -380, -0.00123647
BPH2, -370, -0.00120514
BPH2, -360, -0.00117366
BPH2, -350, -0.00114203
BPH2, -340, -0.00111025
BPH2, -330, -0.00107833
BPH2, -320, -0.00104626
BPH2, -310, -0.00101404
BPH2, -300, -0.000981681
BPH2, -290, -0.000949171
BPH2, -280, -0.000916516
BPH2, -270, -0.000883716
BPH2, -260, -0.000850771
BPH2, -250, -0.000817683
BPH2, -240, -0.000784451
BPH2, -230, -0.000751076
BPH2, -220, -0.000717559
BPH2, -210, -0.000683901
BPH2, -200, -0.000650102
BPH2, -190, -0.000616163
BPH2, -180, -0.000582085
BPH2, -170, -0.000547868
BPH2, -160, -0.000513514
BPH2, -150, -0.000479023
BPH2, -140, -0.000444396
BPH2, -130, -0.000409634
BPH2, -120, -0.000374738
BPH2, -110, -0.000339709
BPH2, -100, -0.000304547
BPH2, -90, -0.000269254
BPH2, -80, -0.000233831
BPH2, -70, -0.000198279
BPH2, -60, -0.000162598
BPH2, -50, -0.00012679
BPH2, -40, -9.08564e-05
BPH2, -30, -5.47975e-05
BPH2, -20, -1.86148e-05
BPH2, -10, 1.76905e-05
BPH2, 0, 5.41174e-05
BPH2, 10, 9.06646e-05
BPH2, 20, 0.000127331
BPH2, 30, 0.000164115
BPH2, 40, 0.000201016
BPH2, 50, 0.000238032
BPH2, 60, 0.000275162
BPH2, 70, 0.000312405
BPH2, 80, 0.000349759
BPH2, 90, 0.000387223
BPH2, 100, 0.000424796
BPH2, 110, 0.000462476
BPH2, 120, 0.000500262
BPH2, 130, 0.000538153
BPH2, 140, 0.000576146
BPH2, 150, 0.000614241
BPH2, 160, 0.000652436
BPH2, 170, 0.00069073
BPH2, 180, 0.000729121
BPH2, 190, 0.000767608
BPH2, 200, 0.000806188
BPH2, 210, 0.000844861
BPH2, 220, 0.000883625
BPH2, 230, 0.000922478
BPH2, 240, 0.000961419
BPH2, 250, 0.00100045
BPH2, 260, 0.00103956
BPH2, 270, 0.00107875
BPH2, 280, 0.00111803
BPH2, 290, 0.00115738
BPH2, 300, 0.00119682
BPH2, 310, 0.00123633
BPH2, 320, 0.00127591
BPH2, 330, 0.00131557
BPH2, 340, 0.0013553
BPH2, 350, 0.00139509
BPH2, 360, 0.00143496
BPH2, 370, 0.00147489
BPH2, 380, 0.00151488
BPH2, 390, 0.00155494
BPH2, 400, 0.00159506
BPH2, 410, 0.00163524
BPH2, 420, 0.00167547
BPH2, 430, 0.00171576
BPH2, 440, 0.0017561
BPH2, 450, 0.00179649
BPH2, 460, 0.00183694
BPH2, 470, 0.00187743
BPH2, 480, 0.00191796
BPH2, 490, 0.00195855
BPH2, 500, 0.00199917
BPH2, 510, 0.00203983
BPH2, 520, 0.00208053
BPH2, 530, 0.00212127
BPH2, 540, 0.00216205
BPH2, 550, 0.00220285
BPH2, 560, 0.00224369
BPH2, 570, 0.00228455
BPH2, 580, 0.00232545
BPH2, 590, 0.00236637
BPH2, 600, 0.00240731
BPH2, 610, 0.00244827
BPH2, 620, 0.00248925
BPH2, 630, 0.00253025
BPH2, 640, 0.00257127
BPH2, 650, 0.00261229
BPH2, 660, 0.00265333
BPH2, 670, 0.00269438
BPH2, 680, 0.00273544
BPH2, 690, 0.0027765
BPH2, 700, 0.00281757
BPH2, 710, 0.00285864
BPH2, 720, 0.00289971
BPH2, 730, 0.00294077
BPH2, 740, 0.00298184
BPH2, 750, 0.00302289
BPH2, 760, 0.00306394
BPH2, 770, 0.00310498
BPH2, 780, 0.00314601
BPH2, 790, 0.00318702
BPH2, 800, 0.00322802
BPH2, 810, 0.003269
BPH2, 820, 0.00330996
BPH2, 830, 0.0033509
BPH2, 840, 0.00339181
BPH2, 850, 0.0034327
BPH2, 860, 0.00347357
BPH2, 870, 0.0035144
BPH2, 880, 0.0035552
BPH2, 890, 0.00359597
BPH2, 900, 0.0036367
BPH2, 910, 0.0036774
BPH2, 920, 0.00371806
BPH2, 930, 0.00375868
BPH2, 940, 0.00379925
BPH2, 950, 0.00383978
BPH2, 960, 0.00388026
BPH2, 970, 0.0039207
BPH2, 980, 0.00396108
BPH2, 990, 0.00400141
BPH2, 1000, 0.00404169
BPV1, -1000, -0.00453551
BPV1, -990, -0.00454101
BPV1, -980, -0.00454511
BPV1, -970, -0.00454784
BPV1, -960, -0.0045492
BPV1, -950, -0.0045492
BPV1, -940, -0.00454786
BPV1, -930, -0.00454518
BPV1, -920, -0.00454119
BPV1, -910, -0.00453587
BPV1, -900, -0.00452926
BPV1, -890, -0.00452136
BPV1, -880, -0.00451218
BPV1, -870, -0.00450173
BPV1, -860, -0.00449002
BPV1, -850, -0.00447707
BPV1, -840, -0.00446288
BPV1, -830, -0.00444747
BPV1, -820, -0.00443084
BPV1, -810, -0.00441301
BPV1, -800, -0.00439399
BPV1, -790, -0.00437379
BPV1, -780, -0.00435242
BPV1, -770, -0.00432989
BPV1, -760, -0.0043062
BPV1, -750, -0.00428138
BPV1, -740, -0.00425543
BPV1, -730, -0.00422837
BPV1, -720, -0.00420019
BPV1, -710, -0.00417092
BPV1, -700, -0.00414057
BPV1, -690, -0.00410913
BPV1, -680, -0.00407663
BPV1, -670, -0.00404308
BPV1, -660, -0.00400848
BPV1, -650, -0.00397284
BPV1, -640, -0.00393618
BPV1, -630, -0.00389851
BPV1, -620, -0.00385983
BPV1, -610, -0.00382015
BPV1, -600, -0.0037795
BPV1, -590, -0.00373786
BPV1, -580, -0.00369527
BPV1, -570, -0.00365171
BPV1, -560, -0.00360722
BPV1, -550, -0.00356179
BPV1, -540, -0.00351543
BPV1, -530, -0.00346816
BPV1, -520, -0.00341998
BPV1, -510, -0.00337091
BPV1, -500, -0.00332095
BPV1, -490, -0.00327012
BPV1, -480, -0.00321842
BPV1, -470, -0.00316586
BPV1, -460, -0.00311245
BPV1, -450, -0.00305821
BPV1, -440, -0.00300314
BPV1, -430, -0.00294725
BPV1, -420, -0.00289055
BPV1, -410, -0.00283305
BPV1, -400, -0.00277476
BPV1, -390, -0.00271568
BPV1, -380, -0.00265584
BPV1, -370, -0.00259523
BPV1, -360, -0.00253387
BPV1, -350, -0.00247176
BPV1, -340, -0.00240892
BPV1, -330, -0.00234535
BPV1, -320, -0.00228107
BPV1, -310, -0.00221608
BPV1, -300, -0.00215038
BPV1, -290, -0.002084
BPV1, -280, -0.00201694
BPV1, -270, -0.0019492
BPV1, -260, -0.0018808
BPV1, -250, -0.00181175
BPV1, -240, -0.00174205
BPV1, -230, -0.00167171
BPV1, -220, -0.00160074
BPV1, -210, -0.00152916
BPV1, -200, -0.00145696
BPV1, -190, -0.00138416
BPV1, -180, -0.00131077
BPV1, -170, -0.00123679
BPV1, -160, -0.00116224
BPV1, -150, -0.00108711
BPV1, -140, -0.00101143
BPV1, -130, -0.000935196
BPV1, -120, -0.000858419
BPV1, -110, -0.000781107
BPV1, -100, -0.000703269
BPV1, -90, -0.000624913
BPV1, -80, -0.000546047
BPV1, -70, -0.000466679
BPV1, -60, -0.000386818
BPV1, -50, -0.000306472
BPV1, -40, -0.000225649
BPV1, -30, -0.000144356
BPV1, -20, -6.26022e-05
BPV1, -10, 1.96046e-05
BPV1, 0, 0.000102257
BPV1, 10, 0.000185346
BPV1, 20, 0.000268864
BPV1, 30, 0.000352804
BPV1, 40, 0.000437157
BPV1, 50, 0.000521917
BPV1, 60, 0.000607074
BPV1, 70, 0.000692621
BPV1, 80, 0.000778552
BPV1, 90, 0.000864857
BPV1, 100, 0.00095153
BPV1, 110, 0.00103856
BPV1, 120, 0.00112595
BPV1, 130, 0.00121368
BPV1, 140, 0.00130174
BPV1, 150, 0.00139014
BPV1, 160, 0.00147886
BPV1, 170, 0.00156789
BPV1, 180, 0.00165723
BPV1, 190, 0.00174688
BPV1, 200, 0.00183681
BPV1, 210, 0.00192703
BPV1, 220, 0.00201753
BPV1, 230, 0.0021083
BPV1, 240, 0.00219934
BPV1, 250, 0.00229063
BPV1, 260, 0.00238217
BPV1, 270, 0.00247396
BPV1, 280, 0.00256598
BPV1, 290, 0.00265823
BPV1, 300, 0.0027507
BPV1, 310, 0.00284339
BPV1, 320, 0.00293629
BPV1, 330, 0.00302939
BPV1, 340, 0.00312268
BPV1, 350, 0.00321617
BPV1, 360, 0.00330983
BPV1, 370, 0.00340367
BPV1, 380, 0.00349768
BPV1, 390, 0.00359184
BPV1, 400, 0.00368617
BPV1, 410, 0.00378064
BPV1, 420, 0.00387525
BPV1, 430, 0.00397
BPV1, 440, 0.00406488
BPV1, 450, 0.00415988
BPV1, 460, 0.004255
BPV1, 470, 0.00435022
BPV1, 480, 0.00444555
BPV1, 490, 0.00454098
BPV1, 500, 0.0046365
BPV1, 510, 0.0047321
BPV1, 520, 0.00482778
BPV1, 530, 0.00492354
BPV1, 540, 0.00501936
BPV1, 550, 0.00511524
BPV1, 560, 0.00521118
BPV1, 570, 0.00530716
BPV1, 580, 0.00540319
BPV1, 590, 0.00549925
BPV1, 600, 0.00559534
BPV1, 610, 0.00569146
BPV1, 620, 0.0057876
BPV1, 630, 0.00588375
BPV1, 640, 0.00597991
BPV1, 650, 0.00607607
BPV1, 660, 0.00617223
BPV1, 670, 0.00626837
BPV1, 680, 0.00636451
BPV1, 690, 0.00646062
BPV1, 700, 0.0065567
BPV1, 710, 0.00665275
BPV1, 720, 0.00674877
BPV1, 730, 0.00684474
BPV1, 740, 0.00694067
BPV1, 750, 0.00703654
BPV1, 760, 0.00713235
BPV1, 770, 0.0072281
BPV1, 780, 0.00732378
BPV1, 790, 0.00741939
BPV1, 800, 0.00751491
BPV1, 810, 0.00761035
BPV1, 820, 0.0077057
BPV1, 830, 0.00780096
BPV1, 840, 0.00789611
BPV1, 850, 0.00799116
BPV1, 860, 0.0080861
BPV1, 870, 0.00818093
BPV1, 880, 0.00827563
BPV1, 890, 0.00837021
BPV1, 900, 0.00846466
BPV1, 910, 0.00855898
BPV1, 920, 0.00865315
BPV1, 930, 0.00874718
BPV1, 940, 0.00884107
BPV1, 950, 0.0089348
BPV1, 960, 0.00902837
BPV1, 970, 0.00912178
BPV1, 980, 0.00921502
BPV1, 990, 0.00930809
BPV1, 1000, 0.00940099
BPV2, -1000, -0.00597191
BPV2, -990, -0.00599904
BPV2, -980, -0.00602369
BPV2, -970, -0.00604589
BPV2, -960, -0.00606566
BPV2, -950, -0.00608302
BPV2, -940, -0.00609801
BPV2, -930, -0.00611063
BPV2, -920, -0.00612093
BPV2, -910, -0.00612891
BPV2, -900, -0.0061346
BPV2, -890, -0.00613804
BPV2, -880, -0.00613923
BPV2, -870, -0.0061382
BPV2, -860, -0.00613498
BPV2, -850, -0.00612958
BPV2, -840, -0.00612204
BPV2, -830, -0.00611237
BPV2, -820, -0.0061006
BPV2, -810, -0.00608675
BPV2, -800, -0.00607084
BPV2, -790, -0.00605289
BPV2, -780, -0.00603292
BPV2, -770, -0.00601097
BPV2, -760, -0.00598704
BPV2, -750, -0.00596117
BPV2, -740, -0.00593337
BPV2, -730, -0.00590367
BPV2, -720, -0.00587208
BPV2, -710, -0.00583864
BPV2, -700, -0.00580335
BPV2, -690, -0.00576624
BPV2, -680, -0.00572734
BPV2, -670, -0.00568667
BPV2, -660, -0.00564423
BPV2, -650, -0.00560007
BPV2, -640, -0.00555419
BPV2, -630, -0.00550663
BPV2, -620, -0.00545739
BPV2, -610, -0.0054065
BPV2, -600, -0.00535398
BPV2, -590, -0.00529986
BPV2, -580, -0.00524414
BPV2, -570, -0.00518686
BPV2, -560, -0.00512803
BPV2, -550, -0.00506767
BPV2, -540, -0.00500581
BPV2, -530, -0.00494246
BPV2, -520, -0.00487764
BPV2, -510, -0.00481137
BPV2, -500, -0.00474368
BPV2, -490, -0.00467457
BPV2, -480, -0.00460408
BPV2, -470, -0.00453222
BPV2, -460, -0.00445901
BPV2, -450, -0.00438447
BPV2, -440, -0.00430862
BPV2, -430, -0.00423147
BPV2, -420, -0.00415305
BPV2, -410, -0.00407338
BPV2, -400, -0.00399247
BPV2, -390, -0.00391035
BPV2, -380, -0.00382703
BPV2, -370, -0.00374252
BPV2, -360, -0.00365686
BPV2, -350, -0.00357005
BPV2, -340, -0.00348212
BPV2, -330, -0.00339309
BPV2, -320, -0.00330296
BPV2, -310, -0.00321177
BPV2, -300, -0.00311952
BPV2, -290, -0.00302624
BPV2, -280, -0.00293194
BPV2, -270, -0.00283664
BPV2, -260, -0.00274036
BPV2, -250, -0.00264312
BPV2, -240, -0.00254493
BPV2, -230, -0.00244581
BPV2, -220, -0.00234578
BPV2, -210, -0.00224486
BPV2, -200, -0.00214306
BPV2, -190, -0.00204039
BPV2, -180, -0.00193689
BPV2, -170, -0.00183255
BPV2, -160, -0.00172741
BPV2, -150, -0.00162147
BPV2, -140, -0.00151475
BPV2, -130, -0.00140727
BPV2, -120, -0.00129905
BPV2, -110, -0.0011901
BPV2, -100, -0.00108044
BPV2, -90, -0.000970076
BPV2, -80, -0.000859036
BPV2, -70, -0.000747331
BPV2, -60, -0.000634977
BPV2, -50, -0.00052199
BPV2, -40, -0.000408386
BPV2, -30, -0.00029418
BPV2, -20, -0.000179387
BPV2, -10, -6.40225e-05
BPV2, 0, 5.18977e-05
BPV2, 10, 0.000168359
BPV2, 20, 0.000285346
BPV2, 30, 0.000402844
BPV2, 40, 0.000520837
BPV2, 50, 0.000639312
BPV2, 60, 0.000758254
BPV2, 70, 0.000877647
BPV2, 80, 0.000997478
BPV2, 90, 0.00111773
BPV2, 100, 0.00123839
BPV2, 110, 0.00135945
BPV2, 120, 0.00148089
BPV2, 130, 0.00160269
BPV2, 140, 0.00172485
BPV2, 150, 0.00184734
BPV2, 160, 0.00197016
BPV2, 170, 0.00209329
BPV2, 180, 0.00221671
BPV2, 190, 0.00234042
BPV2, 200, 0.0024644
BPV2, 210, 0.00258864
BPV2, 220, 0.00271312
BPV2, 230, 0.00283783
BPV2, 240, 0.00296276
BPV2, 250, 0.00308789
BPV2, 260, 0.00321321
BPV2, 270, 0.00333872
BPV2, 280, 0.00346439
BPV2, 290, 0.00359021
BPV2, 300, 0.00371617
BPV2, 310, 0.00384226
BPV2, 320, 0.00396847
BPV2, 330, 0.00409478
BPV2, 340, 0.00422118
BPV2, 350, 0.00434766
BPV2, 360, 0.00447421
BPV2, 370, 0.00460082
BPV2, 380, 0.00472746
BPV2, 390, 0.00485414
BPV2, 400, 0.00498084
BPV2, 410, 0.00510755
BPV2, 420, 0.00523426
BPV2, 430, 0.00536095
BPV2, 440, 0.00548762
BPV2, 450, 0.00561425
BPV2, 460, 0.00574083
BPV2, 470, 0.00586736
BPV2, 480, 0.00599381
BPV2, 490, 0.00612019
BPV2, 500, 0.00624647
BPV2, 510, 0.00637265
BPV2, 520, 0.00649872
BPV2, 530, 0.00662467
BPV2, 540, 0.00675048
BPV2, 550, 0.00687615
BPV2, 560, 0.00700167
BPV2, 570, 0.00712702
BPV2, 580, 0.0072522
BPV2, 590, 0.00737719
BPV2, 600, 0.00750199
BPV2, 610, 0.00762659
BPV2, 620, 0.00775097
BPV2, 630, 0.00787513
BPV2, 640, 0.00799906
BPV2, 650, 0.00812275
BPV2, 660, 0.00824619
BPV2, 670, 0.00836937
BPV2, 680, 0.00849228
BPV2, 690, 0.00861491
BPV2, 700, 0.00873725
BPV2, 710, 0.0088593
BPV2, 720, 0.00898104
BPV2, 730, 0.00910247
BPV2, 740, 0.00922358
BPV2, 750, 0.00934435
BPV2, 760, 0.00946479
BPV2, 770, 0.00958488
BPV2, 780, 0.00970461
BPV2, 790, 0.00982399
BPV2, 800, 0.00994299
BPV2, 810, 0.0100616
BPV2, 820, 0.0101798
BPV2, 830, 0.0102977
BPV2, 840, 0.0104151
BPV2, 850, 0.0105321
BPV2, 860, 0.0106487
BPV2, 870, 0.0107649
BPV2, 880, 0.0108807
BPV2, 890, 0.010996
BPV2, 900, 0.0111108
BPV2, 910, 0.0112252
BPV2, 920, 0.0113392
BPV2, 930, 0.0114527
BPV2, 940, 0.0115657
BPV2, 950, 0.0116782
BPV2, 960, 0.0117902
BPV2, 970, 0.0119018
BPV2, 980, 0.0120128
BPV2, 990, 0.0121233
BPV2, 1000, 0.0122334
BFV1, -1000, -0.00341085
BFV1, -990, -0.00349973
BFV1, -980, -0.00358513
BFV1, -970, -0.00366705
BFV1, -960, -0.00374556
BFV1, -950, -0.00382066
BFV1, -940, -0.00389241
BFV1, -930, -0.00396083
BFV1, -920, -0.00402595
BFV1, -910, -0.00408782
BFV1, -900, -0.00414646
BFV1, -890, -0.0042019
BFV1, -880, -0.00425418
BFV1, -870, -0.00430334
BFV1, -860, -0.0043494
BFV1, -850, -0.00439239
BFV1, -840, -0.00443235
BFV1, -830, -0.00446932
BFV1, -820, -0.00450331
BFV1, -810, -0.00453437
BFV1, -800, -0.00456253
BFV1, -790, -0.00458782
BFV1, -780, -0.00461026
BFV1, -770, -0.0046299
BFV1, -760, -0.00464676
BFV1, -750, -0.00466087
BFV1, -740, -0.00467227
BFV1, -730, -0.00468098
BFV1, -720, -0.00468704
BFV1, -710, -0.00469047
BFV1, -700, -0.00469131
BFV1, -690, -0.00468959
BFV1, -680, -0.00468533
BFV1, -670, -0.00467857
BFV1, -660, -0.00466934
BFV1, -650, -0.00465767
BFV1, -640, -0.00464358
BFV1, -630, -0.0046271
BFV1, -620, -0.00460827
BFV1, -610, -0.00458712
BFV1, -600, -0.00456367
BFV1, -590, -0.00453794
BFV1, -580, -0.00450998
BFV1, -570, -0.00447981
BFV1, -560, -0.00444746
BFV1, -550, -0.00441295
BFV1, -540, -0.00437632
BFV1, -530, -0.00433759
BFV1, -520, -0.00429679
BFV1, -510, -0.00425394
BFV1, -500, -0.00420909
BFV1, -490, -0.00416224
BFV1, -480, -0.00411344
BFV1, -470, -0.0040627
BFV1, -460, -0.00401006
BFV1, -450, -0.00395554
BFV1, -440, -0.00389916
BFV1, -430, -0.00384097
BFV1, -420, -0.00378097
BFV1, -410, -0.0037192
BFV1, -400, -0.00365569
BFV1, -390, -0.00359045
BFV1, -380, -0.00352353
BFV1, -370, -0.00345493
BFV1, -360, -0.00338469
BFV1, -350, -0.00331284
BFV1, -340, -0.0032394
BFV1, -330, -0.00316438
BFV1, -320, -0.00308783
BFV1, -310, -0.00300977
BFV1, -300, -0.00293021
BFV1, -290, -0.00284918
BFV1, -280, -0.00276672
BFV1, -270, -0.00268283
BFV1, -260, -0.00259756
BFV1, -250, -0.00251092
BFV1, -240, -0.00242293
BFV1, -230, -0.00233362
BFV1, -220, -0.00224301
BFV1, -210, -0.00215113
BFV1, -200, -0.00205801
BFV1, -190, -0.00196365
BFV1, -180, -0.00186809
BFV1, -170, -0.00177136
BFV1, -160, -0.00167346
BFV1, -150, -0.00157443
BFV1, -140, -0.00147429
BFV1, -130, -0.00137307
BFV1, -120, -0.00127077
BFV1, -110, -0.00116743
BFV1, -100, -0.00106307
BFV1, -90, -0.000957706
BFV1, -80, -0.000851366
BFV1, -70, -0.000744069
BFV1, -60, -0.000635837
BFV1, -50, -0.000526691
BFV1, -40, -0.000416653
BFV1, -30, -0.000305744
BFV1, -20, -0.000193985
BFV1, -10, -8.13971e-05
BFV1, 0, 3.19997e-05
BFV1, 10, 0.000146184
BFV1, 20, 0.000261136
BFV1, 30, 0.000376835
BFV1, 40, 0.000493261
BFV1, 50, 0.000610394
BFV1, 60, 0.000728214
BFV1, 70, 0.0008467
BFV1, 80, 0.000965834
BFV1, 90, 0.0010856
BFV1, 100, 0.00120597
BFV1, 110, 0.00132693
BFV1, 120, 0.00144846
BFV1, 130, 0.00157054
BFV1, 140, 0.00169315
BFV1, 150, 0.00181628
BFV1, 160, 0.0019399
BFV1, 170, 0.002064
BFV1, 180, 0.00218856
BFV1, 190, 0.00231356
BFV1, 200, 0.00243898
BFV1, 210, 0.00256481
BFV1, 220, 0.00269102
BFV1, 230, 0.0028176
BFV1, 240, 0.00294453
BFV1, 250, 0.0030718
BFV1, 260, 0.00319939
BFV1, 270, 0.00332727
BFV1, 280, 0.00345544
BFV1, 290, 0.00358388
BFV1, 300, 0.00371256
BFV1, 310, 0.00384148
BFV1, 320, 0.00397062
BFV1, 330, 0.00409996
BFV1, 340, 0.00422948
BFV1, 350, 0.00435917
BFV1, 360, 0.00448902
BFV1, 370, 0.004619
BFV1, 380, 0.00474911
BFV1, 390, 0.00487932
BFV1, 400, 0.00500962
BFV1, 410, 0.00514
BFV1, 420, 0.00527044
BFV1, 430, 0.00540093
BFV1, 440, 0.00553144
BFV1, 450, 0.00566198
BFV1, 460, 0.00579252
BFV1, 470, 0.00592305
BFV1, 480, 0.00605355
BFV1, 490, 0.00618401
BFV1, 500, 0.00631442
BFV1, 510, 0.00644476
BFV1, 520, 0.00657502
BFV1, 530, 0.00670519
BFV1, 540, 0.00683525
BFV1, 550, 0.00696519
BFV1, 560, 0.007095
BFV1, 570, 0.00722466
BFV1, 580, 0.00735416
BFV1, 590, 0.00748348
BFV1, 600, 0.00761263
BFV1, 610, 0.00774157
BFV1, 620, 0.00787031
BFV1, 630, 0.00799883
BFV1, 640, 0.00812711
BFV1, 650, 0.00825515
BFV1, 660, 0.00838293
BFV1, 670, 0.00851044
BFV1, 680, 0.00863768
BFV1, 690, 0.00876462
BFV1, 700, 0.00889126
BFV1, 710, 0.00901759
BFV1, 720, 0.0091436
BFV1, 730, 0.00926927
BFV1, 740, 0.0093946
BFV1, 750, 0.00951957
BFV1, 760, 0.00964417
BFV1, 770, 0.0097684
BFV1, 780, 0.00989225
BFV1, 790, 0.0100157
BFV1, 800, 0.0101387
BFV1, 810, 0.0102614
BFV1, 820, 0.0103836
BFV1, 830, 0.0105053
BFV1, 840, 0.0106267
BFV1, 850, 0.0107476
BFV1, 860, 0.010868
BFV1, 870, 0.0109879
BFV1, 880, 0.0111074
BFV1, 890, 0.0112264
BFV1, 900, 0.0113448
BFV1, 910, 0.0114628
BFV1, 920, 0.0115803
BFV1, 930, 0.0116973
BFV1, 940, 0.0118137
BFV1, 950, 0.0119296
BFV1, 960, 0.0120449
BFV1, 970, 0.0121597
BFV1, 980, 0.012274
BFV1, 990, 0.0123876
BFV1, 1000, 0.0125007
BFH1, -1000, 0.00208202
BFH1, -990, 0.00217091
BFH1, -980, 0.0022563
BFH1, -970, 0.00233823
BFH1, -960, 0.00241673
BFH1, -950, 0.00249184
BFH1, -940, 0.00256359
BFH1, -930, 0.00263201
BFH1, -920, 0.00269713
BFH1, -910, 0.002759
BFH1, -900, 0.00281763
BFH1, -890, 0.00287308
BFH1, -880, 0.00292536
BFH1, -870, 0.00297451
BFH1, -860, 0.00302057
BFH1, -850, 0.00306357
BFH1, -840, 0.00310353
BFH1, -830, 0.00314049
BFH1, -820, 0.00317449
BFH1, -810, 0.00320555
BFH1, -800, 0.00323371
BFH1, -790, 0.00325899
BFH1, -780, 0.00328144
BFH1, -770, 0.00330108
BFH1, -760, 0.00331794
BFH1, -750, 0.00333205
BFH1, -740, 0.00334344
BFH1, -730, 0.00335216
BFH1, -720, 0.00335821
BFH1, -710, 0.00336165
BFH1, -700, 0.00336249
BFH1, -690, 0.00336076
BFH1, -680, 0.00335651
BFH1, -670, 0.00334975
BFH1, -660, 0.00334052
BFH1, -650, 0.00332884
BFH1, -640, 0.00331475
BFH1, -630, 0.00329828
BFH1, -620, 0.00327945
BFH1, -610, 0.00325829
BFH1, -600, 0.00323484
BFH1, -590, 0.00320912
BFH1, -580, 0.00318116
BFH1, -570, 0.00315099
BFH1, -560, 0.00311864
BFH1, -550, 0.00308413
BFH1, -540, 0.0030475
BFH1, -530, 0.00300876
BFH1, -520, 0.00296796
BFH1, -510, 0.00292512
BFH1, -500, 0.00288026
BFH1, -490, 0.00283342
BFH1, -480, 0.00278461
BFH1, -470, 0.00273388
BFH1, -460, 0.00268123
BFH1, -450, 0.00262671
BFH1, -440, 0.00257034
BFH1, -430, 0.00251214
BFH1, -420, 0.00245215
BFH1, -410, 0.00239038
BFH1, -400, 0.00232686
BFH1, -390, 0.00226163
BFH1, -380, 0.0021947
BFH1, -370, 0.00212611
BFH1, -360, 0.00205587
BFH1, -350, 0.00198402
BFH1, -340, 0.00191057
BFH1, -330, 0.00183556
BFH1, -320, 0.00175901
BFH1, -310, 0.00168094
BFH1, -300, 0.00160138
BFH1, -290, 0.00152036
BFH1, -280, 0.00143789
BFH1, -270, 0.00135401
BFH1, -260, 0.00126874
BFH1, -250, 0.00118209
BFH1, -240, 0.0010941
BFH1, -230, 0.00100479
BFH1, -220, 0.000914189
BFH1, -210, 0.00082231
BFH1, -200, 0.000729182
BFH1, -190, 0.000634828
BFH1, -180, 0.00053927
BFH1, -170, 0.000442533
BFH1, -160, 0.000344639
BFH1, -150, 0.00024561
BFH1, -140, 0.00014547
BFH1, -130, 4.42413e-05
BFH1, -120, -5.80541e-05
BFH1, -110, -0.000161394
BFH1, -100, -0.000265756
BFH1, -90, -0.000371118
BFH1, -80, -0.000477458
BFH1, -70, -0.000584755
BFH1, -60, -0.000692987
BFH1, -50, -0.000802132
BFH1, -40, -0.00091217
BFH1, -30, -0.00102308
BFH1, -20, -0.00113484
BFH1, -10, -0.00124743
BFH1, 0, -0.00129682
BFH1, 10, -0.00118264
BFH1, 20, -0.00106769
BFH1, 30, -0.000951988
BFH1, 40, -0.000835562
BFH1, 50, -0.00071843
BFH1, 60, -0.00060061
BFH1, 70, -0.000482123
BFH1, 80, -0.000362989
BFH1, 90, -0.000243227
BFH1, 100, -0.000122857
BFH1, 110, -1.89669e-06
BFH1, 120, 0.000119633
BFH1, 130, 0.000241715
BFH1, 140, 0.000364329
BFH1, 150, 0.000487457
BFH1, 160, 0.000611079
BFH1, 170, 0.000735179
BFH1, 180, 0.000859737
BFH1, 190, 0.000984736
BFH1, 200, 0.00111016
BFH1, 210, 0.00123598
BFH1, 220, 0.0013622
BFH1, 230, 0.00148878
BFH1, 240, 0.00161571
BFH1, 250, 0.00174298
BFH1, 260, 0.00187056
BFH1, 270, 0.00199845
BFH1, 280, 0.00212662
BFH1, 290, 0.00225506
BFH1, 300, 0.00238374
BFH1, 310, 0.00251266
BFH1, 320, 0.0026418
BFH1, 330, 0.00277113
BFH1, 340, 0.00290066
BFH1, 350, 0.00303035
BFH1, 360, 0.00316019
BFH1, 370, 0.00329018
BFH1, 380, 0.00342028
BFH1, 390, 0.00355049
BFH1, 400, 0.0036808
BFH1, 410, 0.00381117
BFH1, 420, 0.00394161
BFH1, 430, 0.0040721
BFH1, 440, 0.00420262
BFH1, 450, 0.00433316
BFH1, 460, 0.0044637
BFH1, 470, 0.00459422
BFH1, 480, 0.00472473
BFH1, 490, 0.00485519
BFH1, 500, 0.0049856
BFH1, 510, 0.00511594
BFH1, 520, 0.0052462
BFH1, 530, 0.00537637
BFH1, 540, 0.00550643
BFH1, 550, 0.00563637
BFH1, 560, 0.00576617
BFH1, 570, 0.00589583
BFH1, 580, 0.00602533
BFH1, 590, 0.00615466
BFH1, 600, 0.0062838
BFH1, 610, 0.00641275
BFH1, 620, 0.00654149
BFH1, 630, 0.00667
BFH1, 640, 0.00679829
BFH1, 650, 0.00692632
BFH1, 660, 0.00705411
BFH1, 670, 0.00718162
BFH1, 680, 0.00730885
BFH1, 690, 0.0074358
BFH1, 700, 0.00756244
BFH1, 710, 0.00768877
BFH1, 720, 0.00781477
BFH1, 730, 0.00794045
BFH1, 740, 0.00806577
BFH1, 750, 0.00819074
BFH1, 760, 0.00831535
BFH1, 770, 0.00843958
BFH1, 780, 0.00856343
BFH1, 790, 0.00868687
BFH1, 800, 0.00880992
BFH1, 810, 0.00893255
BFH1, 820, 0.00905475
BFH1, 830, 0.00917652
BFH1, 840, 0.00929785
BFH1, 850, 0.00941873
BFH1, 860, 0.00953914
BFH1, 870, 0.00965909
BFH1, 880, 0.00977856
BFH1, 890, 0.00989754
BFH1, 900, 0.010016
BFH1, 910, 0.010134
BFH1, 920, 0.0102515
BFH1, 930, 0.0103684
BFH1, 940, 0.0104849
BFH1, 950, 0.0106007
BFH1, 960, 0.0107161
BFH1, 970, 0.0108309
BFH1, 980, 0.0109451
BFH1, 990, 0.0110588
BFH1, 1000, 0.0111719
BFH2, -1000, 0.0247544
BFH2, -990, 0.0237141
BFH2, -980, 0.0226979
BFH2, -970, 0.0217056
BFH2, -960, 0.0207369
BFH2, -950, 0.0197915
BFH2, -940, 0.0188692
BFH2, -930, 0.0179697
BFH2, -920, 0.0170926
BFH2, -910, 0.0162379
BFH2, -900, 0.0154051
BFH2, -890, 0.014594
BFH2, -880, 0.0138044
BFH2, -870, 0.013036
BFH2, -860, 0.0122885
BFH2, -850, 0.0115617
BFH2, -840, 0.0108552
BFH2, -830, 0.010169
BFH2, -820, 0.00950259
BFH2, -810, 0.00885584
BFH2, -800, 0.00822847
BFH2, -790, 0.00762021
BFH2, -780, 0.00703081
BFH2, -770, 0.00646002
BFH2, -760, 0.00590759
BFH2, -750, 0.00537325
BFH2, -740, 0.00485677
BFH2, -730, 0.00435789
BFH2, -720, 0.00387635
BFH2, -710, 0.00341192
BFH2, -700, 0.00296434
BFH2, -690, 0.00253336
BFH2, -680, 0.00211875
BFH2, -670, 0.00172026
BFH2, -660, 0.00133764
BFH2, -650, 0.000970652
BFH2, -640, 0.000619055
BFH2, -630, 0.000282609
BFH2, -620, -3.89257e-05
BFH2, -610, -0.000345786
BFH2, -600, -0.00063821
BFH2, -590, -0.000916432
BFH2, -580, -0.00118069
BFH2, -570, -0.00143121
BFH2, -560, -0.00166823
BFH2, -550, -0.00189198
BFH2, -540, -0.00210269
BFH2, -530, -0.00230058
BFH2, -520, -0.00248589
BFH2, -510, -0.00265884
BFH2, -500, -0.00281966
BFH2, -490, -0.00296857
BFH2, -480, -0.00310579
BFH2, -470, -0.00323154
BFH2, -460, -0.00334605
BFH2, -450, -0.00344952
BFH2, -440, -0.00354219
BFH2, -430, -0.00362426
BFH2, -420, -0.00369595
BFH2, -410, -0.00375748
BFH2, -400, -0.00380905
BFH2, -390, -0.00385087
BFH2, -380, -0.00388316
BFH2, -370, -0.00390612
BFH2, -360, -0.00391996
BFH2, -350, -0.00392489
BFH2, -340, -0.0039211
BFH2, -330, -0.00390881
BFH2, -320, -0.0038882
BFH2, -310, -0.00385949
BFH2, -300, -0.00382286
BFH2, -290, -0.00377853
BFH2, -280, -0.00372667
BFH2, -270, -0.00366748
BFH2, -260, -0.00360117
BFH2, -250, -0.00352791
BFH2, -240, -0.00344789
BFH2, -230, -0.00336131
BFH2, -220, -0.00326835
BFH2, -210, -0.0031692
BFH2, -200, -0.00306403
BFH2, -190, -0.00295303
BFH2, -180, -0.00283638
BFH2, -170, -0.00271426
BFH2, -160, -0.00258684
BFH2, -150, -0.0024543
BFH2, -140, -0.00231681
BFH2, -130, -0.00217455
BFH2, -120, -0.00202768
BFH2, -110, -0.00187638
BFH2, -100, -0.0017208
BFH2, -90, -0.00156112
BFH2, -80, -0.0013975
BFH2, -70, -0.0012301
BFH2, -60, -0.00105908
BFH2, -50, -0.000884598
BFH2, -40, -0.000706814
BFH2, -30, -0.000525881
BFH2, -20, -0.000341953
BFH2, -10, -0.000155181
BFH2, 0, 3.42858e-05
BFH2, 10, 0.000226299
BFH2, 20, 0.000420712
BFH2, 30, 0.00061738
BFH2, 40, 0.000816162
BFH2, 50, 0.00101692
BFH2, 60, 0.0012195
BFH2, 70, 0.00142379
BFH2, 80, 0.00162963
BFH2, 90, 0.0018369
BFH2, 100, 0.00204547
BFH2, 110, 0.0022552
BFH2, 120, 0.00246598
BFH2, 130, 0.00267766
BFH2, 140, 0.00289013
BFH2, 150, 0.00310327
BFH2, 160, 0.00331696
BFH2, 170, 0.00353108
BFH2, 180, 0.0037455
BFH2, 190, 0.00396013
BFH2, 200, 0.00417484
BFH2, 210, 0.00438953
BFH2, 220, 0.00460408
BFH2, 230, 0.00481839
BFH2, 240, 0.00503237
BFH2, 250, 0.00524589
BFH2, 260, 0.00545887
BFH2, 270, 0.00567121
BFH2, 280, 0.0058828
BFH2, 290, 0.00609356
BFH2, 300, 0.0063034
BFH2, 310, 0.00651222
BFH2, 320, 0.00671993
BFH2, 330, 0.00692646
BFH2, 340, 0.00713172
BFH2, 350, 0.00733562
BFH2, 360, 0.00753809
BFH2, 370, 0.00773904
BFH2, 380, 0.00793842
BFH2, 390, 0.00813613
BFH2, 400, 0.00833212
BFH2, 410, 0.00852631
BFH2, 420, 0.00871864
BFH2, 430, 0.00890904
BFH2, 440, 0.00909745
BFH2, 450, 0.00928382
BFH2, 460, 0.00946808
BFH2, 470, 0.00965018
BFH2, 480, 0.00983007
BFH2, 490, 0.0100077
BFH2, 500, 0.010183
BFH2, 510, 0.010356
BFH2, 520, 0.0105265
BFH2, 530, 0.0106947
BFH2, 540, 0.0108603
BFH2, 550, 0.0110234
BFH2, 560, 0.011184
BFH2, 570, 0.011342
BFH2, 580, 0.0114974
BFH2, 590, 0.0116501
BFH2, 600, 0.0118002
BFH2, 610, 0.0119476
BFH2, 620, 0.0120923
BFH2, 630, 0.0122343
BFH2, 640, 0.0123735
BFH2, 650, 0.01251
BFH2, 660, 0.0126437
BFH2, 670, 0.0127747
BFH2, 680, 0.0129029
BFH2, 690, 0.0130283
BFH2, 700, 0.013151
BFH2, 710, 0.0132708
BFH2, 720, 0.013388
BFH2, 730, 0.0135023
BFH2, 740, 0.0136139
BFH2, 750, 0.0137228
BFH2, 760, 0.013829
BFH2, 770, 0.0139324
BFH2, 780, 0.0140332
BFH2, 790, 0.0141313
BFH2, 800, 0.0142268
BFH2, 810, 0.0143197
BFH2, 820, 0.01441
BFH2, 830, 0.0144978
BFH2, 840, 0.0145831
BFH2, 850, 0.0146659
BFH2, 860, 0.0147463
BFH2, 870, 0.0148243
BFH2, 880, 0.0149
BFH2, 890, 0.0149734
BFH2, 900, 0.0150446
BFH2, 910, 0.0151136
BFH2, 920, 0.0151805
BFH2, 930, 0.0152453
BFH2, 940, 0.0153082
BFH2, 950, 0.0153691
BFH2, 960, 0.0154282
BFH2, 970, 0.0154855
BFH2, 980, 0.0155411
BFH2, 990, 0.015595
BFH2, 1000, 0.0156474
QFQ3, 0, -0.00279375
QFQ3, 10, -0.00637707
QFQ3, 20, -0.0100056
QFQ3, 30, -0.0136777
QFQ3, 40, -0.0173917
QFQ3, 50, -0.021146
QFQ3, 60, -0.0249389
QFQ3, 70, -0.028769
QFQ3, 80, -0.0326346
QFQ3, 90, -0.0365343
QFQ3, 100, -0.0404667
QFQ3, 110, -0.0444302
QFQ3, 120, -0.0484234
QFQ3, 130, -0.052445
QFQ3, 140, -0.0564935
QFQ3, 150, -0.0605677
QFQ3, 160, -0.0646661
QFQ3, 170, -0.0687874
QFQ3, 180, -0.0729304
QFQ3, 190, -0.0770937
QFQ3, 200, -0.0812762
QFQ3, 210, -0.0854764
QFQ3, 220, -0.0896932
QFQ3, 230, -0.0939254
QFQ3, 240, -0.0981717
QFQ3, 250, -0.102431
QFQ3, 260, -0.106702
QFQ3, 270, -0.110983
QFQ3, 280, -0.115274
QFQ3, 290, -0.119573
QFQ3, 300, -0.12388
QFQ3, 310, -0.128192
QFQ3, 320, -0.132508
QFQ3, 330, -0.136829
QFQ3, 340, -0.141152
QFQ3, 350, -0.145476
QFQ3, 360, -0.1498
QFQ3, 370, -0.154124
QFQ3, 380, -0.158445
QFQ3, 390, -0.162763
QFQ3, 400, -0.167077
QFQ3, 410, -0.171386
QFQ3, 420, -0.175688
QFQ3, 430, -0.179983
QFQ3, 440, -0.184268
QFQ3, 450, -0.188545
QFQ3, 460, -0.19281
QFQ3, 470, -0.197063
QFQ3, 480, -0.201303
QFQ3, 490, -0.205529
QFQ3, 500, -0.209739
QFQ3, 510, -0.213934
QFQ3, 520, -0.218111
QFQ3, 530, -0.222269
QFQ3, 540, -0.226408
QFQ3, 550, -0.230526
QFQ3, 560, -0.234622
QFQ3, 570, -0.238695
QFQ3, 580, -0.242744
QFQ3, 590, -0.246769
QFQ3, 600, -0.250767
QFQ3, 610, -0.254738
QFQ3, 620, -0.258681
QFQ3, 630, -0.262595
QFQ3, 640, -0.266479
QFQ3, 650, -0.270331
QFQ3, 660, -0.274151
QFQ3, 670, -0.277938
QFQ3, 680, -0.28169
QFQ3, 690, -0.285407
QFQ3, 700, -0.289087
QFQ3, 710, -0.29273
QFQ3, 720, -0.296335
QFQ3, 730, -0.2999
QFQ3, 740, -0.303425
QFQ3, 750, -0.306909
QFQ3, 760, -0.310351
QFQ3, 770, -0.313749
QFQ3, 780, -0.317104
QFQ3, 790, -0.320414
QFQ3, 800, -0.323678
QFQ3, 810, -0.326896
QFQ3, 820, -0.330067
QFQ3, 830, -0.333189
QFQ3, 840, -0.336262
QFQ3, 850, -0.339286
QFQ3, 860, -0.34226
QFQ3, 870, -0.345182
QFQ3, 880, -0.348053
QFQ3, 890, -0.350871
QFQ3, 900, -0.353636
QFQ3, 910, -0.356348
QFQ3, 920, -0.359005
QFQ3, 930, -0.361608
QFQ3, 940, -0.364156
QFQ3, 950, -0.366649
QFQ3, 960, -0.369085
QFQ3, 970, -0.371465
QFQ3, 980, -0.373789
QFQ3, 990, -0.376055
QFQ3, 1000, -0.378265
BFV2, -1000, -0.000195781
BFV2, -990, -0.000476847
BFV2, -980, -0.000749083
BFV2, -970, -0.0010126
BFV2, -960, -0.00126751
BFV2, -950, -0.00151391
BFV2, -940, -0.00175192
BFV2, -930, -0.00198165
BFV2, -920, -0.00220319
BFV2, -910, -0.00241666
BFV2, -900, -0.00262216
BFV2, -890, -0.00281979
BFV2, -880, -0.00300967
BFV2, -870, -0.00319189
BFV2, -860, -0.00336655
BFV2, -850, -0.00353377
BFV2, -840, -0.00369364
BFV2, -830, -0.00384625
BFV2, -820, -0.00399173
BFV2, -810, -0.00413015
BFV2, -800, -0.00426163
BFV2, -790, -0.00438627
BFV2, -780, -0.00450415
BFV2, -770, -0.00461538
BFV2, -760, -0.00472006
BFV2, -750, -0.00481827
BFV2, -740, -0.00491013
BFV2, -730, -0.00499572
BFV2, -720, -0.00507514
BFV2, -710, -0.00514849
BFV2, -700, -0.00521585
BFV2, -690, -0.00527732
BFV2, -680, -0.00533299
BFV2, -670, -0.00538296
BFV2, -660, -0.00542731
BFV2, -650, -0.00546614
BFV2, -640, -0.00549954
BFV2, -630, -0.0055276
BFV2, -620, -0.0055504
BFV2, -610, -0.00556803
BFV2, -600, -0.00558059
BFV2, -590, -0.00558816
BFV2, -580, -0.00559082
BFV2, -570, -0.00558866
BFV2, -560, -0.00558178
BFV2, -550, -0.00557024
BFV2, -540, -0.00555415
BFV2, -530, -0.00553357
BFV2, -520, -0.0055086
BFV2, -510, -0.00547932
BFV2, -500, -0.0054458
BFV2, -490, -0.00540814
BFV2, -480, -0.00536641
BFV2, -470, -0.00532069
BFV2, -460, -0.00527106
BFV2, -450, -0.0052176
BFV2, -440, -0.00516039
BFV2, -430, -0.00509951
BFV2, -420, -0.00503503
BFV2, -410, -0.00496703
BFV2, -400, -0.00489559
BFV2, -390, -0.00482079
BFV2, -380, -0.00474269
BFV2, -370, -0.00466137
BFV2, -360, -0.00457691
BFV2, -350, -0.00448938
BFV2, -340, -0.00439886
BFV2, -330, -0.00430541
BFV2, -320, -0.0042091
BFV2, -310, -0.00411001
BFV2, -300, -0.00400821
BFV2, -290, -0.00390377
BFV2, -280, -0.00379675
BFV2, -270, -0.00368722
BFV2, -260, -0.00357526
BFV2, -250, -0.00346094
BFV2, -240, -0.0033443
BFV2, -230, -0.00322544
BFV2, -220, -0.0031044
BFV2, -210, -0.00298125
BFV2, -200, -0.00285607
BFV2, -190, -0.0027289
BFV2, -180, -0.00259983
BFV2, -170, -0.0024689
BFV2, -160, -0.00233618
BFV2, -150, -0.00220174
BFV2, -140, -0.00206563
BFV2, -130, -0.00192791
BFV2, -120, -0.00178865
BFV2, -110, -0.0016479
BFV2, -100, -0.00150573
BFV2, -90, -0.00136218
BFV2, -80, -0.00121732
BFV2, -70, -0.00107121
BFV2, -60, -0.000923896
BFV2, -50, -0.00077544
BFV2, -40, -0.000625895
BFV2, -30, -0.000475316
BFV2, -20, -0.000323758
BFV2, -10, -0.000171273
BFV2, 0, -1.79151e-05
BFV2, 10, 0.000136264
BFV2, 20, 0.000291213
BFV2, 30, 0.00044688
BFV2, 40, 0.000603215
BFV2, 50, 0.000760168
BFV2, 60, 0.00091769
BFV2, 70, 0.00107573
BFV2, 80, 0.00123425
BFV2, 90, 0.00139318
BFV2, 100, 0.0015525
BFV2, 110, 0.00171215
BFV2, 120, 0.00187208
BFV2, 130, 0.00203225
BFV2, 140, 0.00219261
BFV2, 150, 0.00235313
BFV2, 160, 0.00251376
BFV2, 170, 0.00267445
BFV2, 180, 0.00283516
BFV2, 190, 0.00299585
BFV2, 200, 0.00315649
BFV2, 210, 0.00331702
BFV2, 220, 0.00347741
BFV2, 230, 0.00363762
BFV2, 240, 0.00379761
BFV2, 250, 0.00395734
BFV2, 260, 0.00411678
BFV2, 270, 0.00427589
BFV2, 280, 0.00443463
BFV2, 290, 0.00459296
BFV2, 300, 0.00475086
BFV2, 310, 0.00490828
BFV2, 320, 0.00506519
BFV2, 330, 0.00522156
BFV2, 340, 0.00537736
BFV2, 350, 0.00553254
BFV2, 360, 0.00568709
BFV2, 370, 0.00584097
BFV2, 380, 0.00599415
BFV2, 390, 0.00614659
BFV2, 400, 0.00629828
BFV2, 410, 0.00644918
BFV2, 420, 0.00659925
BFV2, 430, 0.00674849
BFV2, 440, 0.00689685
BFV2, 450, 0.00704431
BFV2, 460, 0.00719085
BFV2, 470, 0.00733644
BFV2, 480, 0.00748105
BFV2, 490, 0.00762466
BFV2, 500, 0.00776725
BFV2, 510, 0.0079088
BFV2, 520, 0.00804928
BFV2, 530, 0.00818866
BFV2, 540, 0.00832694
BFV2, 550, 0.00846408
BFV2, 560, 0.00860007
BFV2, 570, 0.00873489
BFV2, 580, 0.00886852
BFV2, 590, 0.00900094
BFV2, 600, 0.00913213
BFV2, 610, 0.00926208
BFV2, 620, 0.00939077
BFV2, 630, 0.00951819
BFV2, 640, 0.00964431
BFV2, 650, 0.00976912
BFV2, 660, 0.00989261
BFV2, 670, 0.0100148
BFV2, 680, 0.0101356
BFV2, 690, 0.010255
BFV2, 700, 0.0103731
BFV2, 710, 0.0104898
BFV2, 720, 0.0106051
BFV2, 730, 0.010719
BFV2, 740, 0.0108315
BFV2, 750, 0.0109426
BFV2, 760, 0.0110522
BFV2, 770, 0.0111604
BFV2, 780, 0.0112671
BFV2, 790, 0.0113724
BFV2, 800, 0.0114762
BFV2, 810, 0.0115786
BFV2, 820, 0.0116795
BFV2, 830, 0.0117789
BFV2, 840, 0.0118769
BFV2, 850, 0.0119733
BFV2, 860, 0.0120683
BFV2, 870, 0.0121618
BFV2, 880, 0.0122538
BFV2, 890, 0.0123444
BFV2, 900, 0.0124334
BFV2, 910, 0.0125209
BFV2, 920, 0.012607
BFV2, 930, 0.0126916
BFV2, 940, 0.0127747
BFV2, 950, 0.0128563
BFV2, 960, 0.0129364
BFV2, 970, 0.0130151
BFV2, 980, 0.0130923
BFV2, 990, 0.013168
BFV2, 1000, 0.0132423
BPH3, -1000, -0.00185115
BPH3, -990, -0.00199842
BPH3, -980, -0.00214036
BPH3, -970, -0.00227704
BPH3, -960, -0.00240853
BPH3, -950, -0.00253491
BPH3, -940, -0.00265626
BPH3, -930, -0.00277264
BPH3, -920, -0.00288413
BPH3, -910, -0.0029908
BPH3, -900, -0.00309272
BPH3, -890, -0.00318997
BPH3, -880, -0.00328261
BPH3, -870, -0.00337071
BPH3, -860, -0.00345434
BPH3, -850, -0.00353357
BPH3, -840, -0.00360846
BPH3, -830, -0.00367909
BPH3, -820, -0.00374551
BPH3, -810, -0.00380779
BPH3, -800, -0.003866
BPH3, -790, -0.0039202
BPH3, -780, -0.00397045
BPH3, -770, -0.00401682
BPH3, -760, -0.00405937
BPH3, -750, -0.00409815
BPH3, -740, -0.00413324
BPH3, -730, -0.00416468
BPH3, -720, -0.00419254
BPH3, -710, -0.00421688
BPH3, -700, -0.00423775
BPH3, -690, -0.00425521
BPH3, -680, -0.00426933
BPH3, -670, -0.00428014
BPH3, -660, -0.00428772
BPH3, -650, -0.00429212
BPH3, -640, -0.00429338
BPH3, -630, -0.00429156
BPH3, -620, -0.00428673
BPH3, -610, -0.00427892
BPH3, -600, -0.00426819
BPH3, -590, -0.00425459
BPH3, -580, -0.00423818
BPH3, -570, -0.004219
BPH3, -560, -0.0041971
BPH3, -550, -0.00417254
BPH3, -540, -0.00414535
BPH3, -530, -0.0041156
BPH3, -520, -0.00408331
BPH3, -510, -0.00404855
BPH3, -500, -0.00401136
BPH3, -490, -0.00397178
BPH3, -480, -0.00392987
BPH3, -470, -0.00388565
BPH3, -460, -0.00383918
BPH3, -450, -0.00379051
BPH3, -440, -0.00373967
BPH3, -430, -0.0036867
BPH3, -420, -0.00363165
BPH3, -410, -0.00357457
BPH3, -400, -0.00351548
BPH3, -390, -0.00345444
BPH3, -380, -0.00339147
BPH3, -370, -0.00332663
BPH3, -360, -0.00325995
BPH3, -350, -0.00319146
BPH3, -340, -0.00312121
BPH3, -330, -0.00304923
BPH3, -320, -0.00297556
BPH3, -310, -0.00290024
BPH3, -300, -0.0028233
BPH3, -290, -0.00274478
BPH3, -280, -0.00266471
BPH3, -270, -0.00258312
BPH3, -260, -0.00250006
BPH3, -250, -0.00241555
BPH3, -240, -0.00232963
BPH3, -230, -0.00224233
BPH3, -220, -0.00215368
BPH3, -210, -0.00206372
BPH3, -200, -0.00197247
BPH3, -190, -0.00187996
BPH3, -180, -0.00178624
BPH3, -170, -0.00169132
BPH3, -160, -0.00159523
BPH3, -150, -0.00149801
BPH3, -140, -0.00139969
BPH3, -130, -0.00130028
BPH3, -120, -0.00119983
BPH3, -110, -0.00109836
BPH3, -100, -0.000995883
BPH3, -90, -0.000892442
BPH3, -80, -0.000788059
BPH3, -70, -0.000682758
BPH3, -60, -0.000576566
BPH3, -50, -0.000469507
BPH3, -40, -0.000361606
BPH3, -30, -0.000252888
BPH3, -20, -0.000143375
BPH3, -10, -3.30925e-05
BPH3, 0, 7.79374e-05
BPH3, 10, 0.000189692
BPH3, 20, 0.000302148
BPH3, 30, 0.000415285
BPH3, 40, 0.00052908
BPH3, 50, 0.000643512
BPH3, 60, 0.00075856
BPH3, 70, 0.000874204
BPH3, 80, 0.000990423
BPH3, 90, 0.0011072
BPH3, 100, 0.00122451
BPH3, 110, 0.00134233
BPH3, 120, 0.00146066
BPH3, 130, 0.00157946
BPH3, 140, 0.00169873
BPH3, 150, 0.00181843
BPH3, 160, 0.00193857
BPH3, 170, 0.00205911
BPH3, 180, 0.00218004
BPH3, 190, 0.00230134
BPH3, 200, 0.00242301
BPH3, 210, 0.00254501
BPH3, 220, 0.00266734
BPH3, 230, 0.00278999
BPH3, 240, 0.00291292
BPH3, 250, 0.00303614
BPH3, 260, 0.00315962
BPH3, 270, 0.00328336
BPH3, 280, 0.00340733
BPH3, 290, 0.00353152
BPH3, 300, 0.00365593
BPH3, 310, 0.00378053
BPH3, 320, 0.00390531
BPH3, 330, 0.00403027
BPH3, 340, 0.00415538
BPH3, 350, 0.00428064
BPH3, 360, 0.00440603
BPH3, 370, 0.00453155
BPH3, 380, 0.00465717
BPH3, 390, 0.0047829
BPH3, 400, 0.00490871
BPH3, 410, 0.0050346
BPH3, 420, 0.00516056
BPH3, 430, 0.00528657
BPH3, 440, 0.00541263
BPH3, 450, 0.00553872
BPH3, 460, 0.00566484
BPH3, 470, 0.00579097
BPH3, 480, 0.00591712
BPH3, 490, 0.00604326
BPH3, 500, 0.00616939
BPH3, 510, 0.0062955
BPH3, 520, 0.00642158
BPH3, 530, 0.00654762
BPH3, 540, 0.00667362
BPH3, 550, 0.00679956
BPH3, 560, 0.00692545
BPH3, 570, 0.00705126
BPH3, 580, 0.007177
BPH3, 590, 0.00730265
BPH3, 600, 0.00742822
BPH3, 610, 0.00755368
BPH3, 620, 0.00767904
BPH3, 630, 0.00780429
BPH3, 640, 0.00792942
BPH3, 650, 0.00805442
BPH3, 660, 0.00817929
BPH3, 670, 0.00830403
BPH3, 680, 0.00842862
BPH3, 690, 0.00855306
BPH3, 700, 0.00867734
BPH3, 710, 0.00880146
BPH3, 720, 0.00892542
BPH3, 730, 0.0090492
BPH3, 740, 0.00917281
BPH3, 750, 0.00929623
BPH3, 760, 0.00941946
BPH3, 770, 0.0095425
BPH3, 780, 0.00966534
BPH3, 790, 0.00978798
BPH3, 800, 0.00991041
BPH3, 810, 0.0100326
BPH3, 820, 0.0101546
BPH3, 830, 0.0102764
BPH3, 840, 0.0103979
BPH3, 850, 0.0105193
BPH3, 860, 0.0106403
BPH3, 870, 0.0107612
BPH3, 880, 0.0108818
BPH3, 890, 0.0110021
BPH3, 900, 0.0111222
BPH3, 910, 0.0112421
BPH3, 920, 0.0113616
BPH3, 930, 0.0114809
BPH3, 940, 0.0116
BPH3, 950, 0.0117188
BPH3, 960, 0.0118373
BPH3, 970, 0.0119555
BPH3, 980, 0.0120734
BPH3, 990, 0.012191
BPH3, 1000, 0.0123084
QPQ4, 0, -0.00198316
QPQ4, 10, -0.00640225
QPQ4, 20, -0.0108705
QPQ4, 30, -0.0153863
QPQ4, 40, -0.0199477
QPQ4, 50, -0.024553
QPQ4, 60, -0.0292006
QPQ4, 70, -0.0338887
QPQ4, 80, -0.0386158
QPQ4, 90, -0.0433801
QPQ4, 100, -0.0481801
QPQ4, 110, -0.053014
QPQ4, 120, -0.0578805
QPQ4, 130, -0.0627778
QPQ4, 140, -0.0677044
QPQ4, 150, -0.0726588
QPQ4, 160, -0.0776395
QPQ4, 170, -0.0826449
QPQ4, 180, -0.0876737
QPQ4, 190, -0.0927241
QPQ4, 200, -0.0977949
QPQ4, 210, -0.102885
QPQ4, 220, -0.107992
QPQ4, 230, -0.113115
QPQ4, 240, -0.118252
QPQ4, 250, -0.123403
QPQ4, 260, -0.128566
QPQ4, 270, -0.133738
QPQ4, 280, -0.13892
QPQ4, 290, -0.144109
QPQ4, 300, -0.149305
QPQ4, 310, -0.154505
QPQ4, 320, -0.159709
QPQ4, 330, -0.164915
QPQ4, 340, -0.170122
QPQ4, 350, -0.175328
QPQ4, 360, -0.180533
QPQ4, 370, -0.185734
QPQ4, 380, -0.19093
QPQ4, 390, -0.196121
QPQ4, 400, -0.201305
QPQ4, 410, -0.20648
QPQ4, 420, -0.211646
QPQ4, 430, -0.2168
QPQ4, 440, -0.221943
QPQ4, 450, -0.227071
QPQ4, 460, -0.232185
QPQ4, 470, -0.237283
QPQ4, 480, -0.242363
QPQ4, 490, -0.247425
QPQ4, 500, -0.252467
QPQ4, 510, -0.257487
QPQ4, 520, -0.262486
QPQ4, 530, -0.267461
QPQ4, 540, -0.272411
QPQ4, 550, -0.277335
QPQ4, 560, -0.282231
QPQ4, 570, -0.2871
QPQ4, 580, -0.291938
QPQ4, 590, -0.296746
QPQ4, 600, -0.301522
QPQ4, 610, -0.306265
QPQ4, 620, -0.310973
QPQ4, 630, -0.315646
QPQ4, 640, -0.320283
QPQ4, 650, -0.324882
QPQ4, 660, -0.329441
QPQ4, 670, -0.333961
QPQ4, 680, -0.33844
QPQ4, 690, -0.342877
QPQ4, 700, -0.347271
QPQ4, 710, -0.35162
QPQ4, 720, -0.355924
QPQ4, 730, -0.360182
QPQ4, 740, -0.364392
QPQ4, 750, -0.368555
QPQ4, 760, -0.372668
QPQ4, 770, -0.376731
QPQ4, 780, -0.380742
QPQ4, 790, -0.384702
QPQ4, 800, -0.388609
QPQ4, 810, -0.392462
QPQ4, 820, -0.39626
QPQ4, 830, -0.400003
QPQ4, 840, -0.40369
QPQ4, 850, -0.407319
QPQ4, 860, -0.410891
QPQ4, 870, -0.414404
QPQ4, 880, -0.417858
QPQ4, 890, -0.421252
QPQ4, 900, -0.424586
QPQ4, 910, -0.427859
QPQ4, 920, -0.43107
QPQ4, 930, -0.434219
QPQ4, 940, -0.437305
QPQ4, 950, -0.440328
QPQ4, 960, -0.443287
QPQ4, 970, -0.446183
QPQ4, 980, -0.449014
QPQ4, 990, -0.451781
QPQ4, 1000, -0.454482
QPQ5, 0, 0.00270926
QPQ5, 10, 0.00593079
QPQ5, 20, 0.0092301
QPQ5, 30, 0.0126044
QPQ5, 40, 0.0160508
QPQ5, 50, 0.0195665
QPQ5, 60, 0.0231486
QPQ5, 70, 0.0267942
QPQ5, 80, 0.0305006
QPQ5, 90, 0.0342647
QPQ5, 100, 0.0380837
QPQ5, 110, 0.0419547
QPQ5, 120, 0.0458748
QPQ5, 130, 0.0498412
QPQ5, 140, 0.053851
QPQ5, 150, 0.0579013
QPQ5, 160, 0.0619893
QPQ5, 170, 0.066112
QPQ5, 180, 0.0702668
QPQ5, 190, 0.0744509
QPQ5, 200, 0.0786613
QPQ5, 210, 0.0828954
QPQ5, 220, 0.0871504
QPQ5, 230, 0.0914237
QPQ5, 240, 0.0957125
QPQ5, 250, 0.100014
QPQ5, 260, 0.104326
QPQ5, 270, 0.108646
QPQ5, 280, 0.112971
QPQ5, 290, 0.117298
QPQ5, 300, 0.121626
QPQ5, 310, 0.125951
QPQ5, 320, 0.130271
QPQ5, 330, 0.134585
QPQ5, 340, 0.138889
QPQ5, 350, 0.143181
QPQ5, 360, 0.14746
QPQ5, 370, 0.151722
QPQ5, 380, 0.155966
QPQ5, 390, 0.16019
QPQ5, 400, 0.164392
QPQ5, 410, 0.168569
QPQ5, 420, 0.172721
QPQ5, 430, 0.176844
QPQ5, 440, 0.180937
QPQ5, 450, 0.184999
QPQ5, 460, 0.189027
QPQ5, 470, 0.19302
QPQ5, 480, 0.196976
QPQ5, 490, 0.200895
QPQ5, 500, 0.204773
QPQ5, 510, 0.208611
QPQ5, 520, 0.212406
QPQ5, 530, 0.216158
QPQ5, 540, 0.219864
QPQ5, 550, 0.223525
QPQ5, 560, 0.227138
QPQ5, 570, 0.230703
QPQ5, 580, 0.234218
QPQ5, 590, 0.237683
QPQ5, 600, 0.241097
QPQ5, 610, 0.244459
QPQ5, 620, 0.247769
QPQ5, 630, 0.251025
QPQ5, 640, 0.254227
QPQ5, 650, 0.257374
QPQ5, 660, 0.260466
QPQ5, 670, 0.263503
QPQ5, 680, 0.266484
QPQ5, 690, 0.269409
QPQ5, 700, 0.272277
QPQ5, 710, 0.275088
QPQ5, 720, 0.277842
QPQ5, 730, 0.28054
QPQ5, 740, 0.28318
QPQ5, 750, 0.285764
QPQ5, 760, 0.28829
QPQ5, 770, 0.29076
QPQ5, 780, 0.293174
QPQ5, 790, 0.295531
QPQ5, 800, 0.297832
QPQ5, 810, 0.300077
QPQ5, 820, 0.302268
QPQ5, 830, 0.304403
QPQ5, 840, 0.306484
QPQ5, 850, 0.308512
QPQ5, 860, 0.310486
QPQ5, 870, 0.312409
QPQ5, 880, 0.314279
QPQ5, 890, 0.316098
QPQ5, 900, 0.317867
QPQ5, 910, 0.319587
QPQ5, 920, 0.321258
QPQ5, 930, 0.322882
QPQ5, 940, 0.324459
QPQ5, 950, 0.32599
QPQ5, 960, 0.327477
QPQ5, 970, 0.32892
QPQ5, 980, 0.33032
QPQ5, 990, 0.331679
QPQ5, 1000, 0.332998
QFQ4, 0, 0.00307543
QFQ4, 10, 0.00460568
QFQ4, 20, 0.00625526
QFQ4, 30, 0.00801629
QFQ4, 40, 0.00988117
QFQ4, 50, 0.0118426
QFQ4, 60, 0.0138935
QFQ4, 70, 0.0160272
QFQ4, 80, 0.0182371
QFQ4, 90, 0.0205169
QFQ4, 100, 0.0228606
QFQ4, 110, 0.0252626
QFQ4, 120, 0.0277171
QFQ4, 130, 0.030219
QFQ4, 140, 0.0327631
QFQ4, 150, 0.0353446
QFQ4, 160, 0.0379588
QFQ4, 170, 0.0406012
QFQ4, 180, 0.0432677
QFQ4, 190, 0.0459542
QFQ4, 200, 0.0486568
QFQ4, 210, 0.0513719
QFQ4, 220, 0.0540959
QFQ4, 230, 0.0568256
QFQ4, 240, 0.0595577
QFQ4, 250, 0.0622894
QFQ4, 260, 0.0650178
QFQ4, 270, 0.0677402
QFQ4, 280, 0.0704542
QFQ4, 290, 0.0731573
QFQ4, 300, 0.0758473
QFQ4, 310, 0.0785222
QFQ4, 320, 0.0811799
QFQ4, 330, 0.0838187
QFQ4, 340, 0.0864369
QFQ4, 350, 0.0890328
QFQ4, 360, 0.091605
QFQ4, 370, 0.0941521
QFQ4, 380, 0.0966729
QFQ4, 390, 0.0991662
QFQ4, 400, 0.101631
QFQ4, 410, 0.104066
QFQ4, 420, 0.106471
QFQ4, 430, 0.108845
QFQ4, 440, 0.111187
QFQ4, 450, 0.113497
QFQ4, 460, 0.115773
QFQ4, 470, 0.118016
QFQ4, 480, 0.120226
QFQ4, 490, 0.122401
QFQ4, 500, 0.124542
QFQ4, 510, 0.126648
QFQ4, 520, 0.128719
QFQ4, 530, 0.130755
QFQ4, 540, 0.132757
QFQ4, 550, 0.134724
QFQ4, 560, 0.136656
QFQ4, 570, 0.138553
QFQ4, 580, 0.140415
QFQ4, 590, 0.142243
QFQ4, 600, 0.144037
QFQ4, 610, 0.145797
QFQ4, 620, 0.147523
QFQ4, 630, 0.149216
QFQ4, 640, 0.150876
QFQ4, 650, 0.152503
QFQ4, 660, 0.154097
QFQ4, 670, 0.15566
QFQ4, 680, 0.157191
QFQ4, 690, 0.158691
QFQ4, 700, 0.16016
QFQ4, 710, 0.1616
QFQ4, 720, 0.163009
QFQ4, 730, 0.164389
QFQ4, 740, 0.16574
QFQ4, 750, 0.167063
QFQ4, 760, 0.168359
QFQ4, 770, 0.169626
QFQ4, 780, 0.170867
QFQ4, 790, 0.172082
QFQ4, 800, 0.173271
QFQ4, 810, 0.174434
QFQ4, 820, 0.175573
QFQ4, 830, 0.176687
QFQ4, 840, 0.177777
QFQ4, 850, 0.178844
QFQ4, 860, 0.179888
QFQ4, 870, 0.18091
QFQ4, 880, 0.181909
QFQ4, 890, 0.182887
QFQ4, 900, 0.183844
QFQ4, 910, 0.184781
QFQ4, 920, 0.185697
QFQ4, 930, 0.186593
QFQ4, 940, 0.18747
QFQ4, 950, 0.188328
QFQ4, 960, 0.189168
QFQ4, 970, 0.189989
QFQ4, 980, 0.190793
QFQ4, 990, 0.191579
QFQ4, 1000, 0.192348
QFQ1, 0, -0.00140409
QFQ1, 10, -0.00469965
QFQ1, 20, -0.00808471
QFQ1, 30, -0.0115545
QFQ1, 40, -0.0151045
QFQ1, 50, -0.0187301
QFQ1, 60, -0.0224269
QFQ1, 70, -0.0261905
QFQ1, 80, -0.0300167
QFQ1, 90, -0.0339013
QFQ1, 100, -0.0378404
QFQ1, 110, -0.04183
QFQ1, 120, -0.0458662
QFQ1, 130, -0.0499453
QFQ1, 140, -0.0540636
QFQ1, 150, -0.0582176
QFQ1, 160, -0.0624036
QFQ1, 170, -0.0666185
QFQ1, 180, -0.0708587
QFQ1, 190, -0.0751212
QFQ1, 200, -0.0794028
QFQ1, 210, -0.0837004
QFQ1, 220, -0.088011
QFQ1, 230, -0.0923319
QFQ1, 240, -0.0966601
QFQ1, 250, -0.100993
QFQ1, 260, -0.105328
QFQ1, 270, -0.109662
QFQ1, 280, -0.113993
QFQ1, 290, -0.118319
QFQ1, 300, -0.122637
QFQ1, 310, -0.126945
QFQ1, 320, -0.131241
QFQ1, 330, -0.135522
QFQ1, 340, -0.139788
QFQ1, 350, -0.144034
QFQ1, 360, -0.148261
QFQ1, 370, -0.152465
QFQ1, 380, -0.156645
QFQ1, 390, -0.1608
QFQ1, 400, -0.164928
QFQ1, 410, -0.169027
QFQ1, 420, -0.173096
QFQ1, 430, -0.177133
QFQ1, 440, -0.181136
QFQ1, 450, -0.185106
QFQ1, 460, -0.18904
QFQ1, 470, -0.192937
QFQ1, 480, -0.196796
QFQ1, 490, -0.200616
QFQ1, 500, -0.204395
QFQ1, 510, -0.208134
QFQ1, 520, -0.211831
QFQ1, 530, -0.215485
QFQ1, 540, -0.219095
QFQ1, 550, -0.222661
QFQ1, 560, -0.226181
QFQ1, 570, -0.229656
QFQ1, 580, -0.233085
QFQ1, 590, -0.236466
QFQ1, 600, -0.2398
QFQ1, 610, -0.243086
QFQ1, 620, -0.246324
QFQ1, 630, -0.249513
QFQ1, 640, -0.252653
QFQ1, 650, -0.255744
QFQ1, 660, -0.258785
QFQ1, 670, -0.261776
QFQ1, 680, -0.264717
QFQ1, 690, -0.267608
QFQ1, 700, -0.270449
QFQ1, 710, -0.27324
QFQ1, 720, -0.27598
QFQ1, 730, -0.27867
QFQ1, 740, -0.28131
QFQ1, 750, -0.2839
QFQ1, 760, -0.28644
QFQ1, 770, -0.28893
QFQ1, 780, -0.291371
QFQ1, 790, -0.293762
QFQ1, 800, -0.296104
QFQ1, 810, -0.298397
QFQ1, 820, -0.300642
QFQ1, 830, -0.302838
QFQ1, 840, -0.304987
QFQ1, 850, -0.307088
QFQ1, 860, -0.309142
QFQ1, 870, -0.31115
QFQ1, 880, -0.313111
QFQ1, 890, -0.315027
QFQ1, 900, -0.316898
QFQ1, 910, -0.318724
QFQ1, 920, -0.320506
QFQ1, 930, -0.322244
QFQ1, 940, -0.32394
QFQ1, 950, -0.325593
QFQ1, 960, -0.327205
QFQ1, 970, -0.328776
QFQ1, 980, -0.330306
QFQ1, 990, -0.331797
QFQ1, 1000, -0.333248
QFQ2, 0, 0.00419141
QFQ2, 10, 0.00758914
QFQ2, 20, 0.0110444
QFQ2, 30, 0.0145552
QFQ2, 40, 0.0181195
QFQ2, 50, 0.0217352
QFQ2, 60, 0.0254005
QFQ2, 70, 0.0291133
QFQ2, 80, 0.0328718
QFQ2, 90, 0.0366741
QFQ2, 100, 0.0405184
QFQ2, 110, 0.0444028
QFQ2, 120, 0.0483255
QFQ2, 130, 0.0522848
QFQ2, 140, 0.0562789
QFQ2, 150, 0.0603061
QFQ2, 160, 0.0643647
QFQ2, 170, 0.068453
QFQ2, 180, 0.0725693
QFQ2, 190, 0.0767121
QFQ2, 200, 0.0808797
QFQ2, 210, 0.0850706
QFQ2, 220, 0.089283
QFQ2, 230, 0.0935156
QFQ2, 240, 0.0977666
QFQ2, 250, 0.102035
QFQ2, 260, 0.106318
QFQ2, 270, 0.110616
QFQ2, 280, 0.114926
QFQ2, 290, 0.119247
QFQ2, 300, 0.123578
QFQ2, 310, 0.127917
QFQ2, 320, 0.132263
QFQ2, 330, 0.136615
QFQ2, 340, 0.14097
QFQ2, 350, 0.145328
QFQ2, 360, 0.149687
QFQ2, 370, 0.154046
QFQ2, 380, 0.158404
QFQ2, 390, 0.162759
QFQ2, 400, 0.16711
QFQ2, 410, 0.171456
QFQ2, 420, 0.175795
QFQ2, 430, 0.180126
QFQ2, 440, 0.184448
QFQ2, 450, 0.188759
QFQ2, 460, 0.193059
QFQ2, 470, 0.197346
QFQ2, 480, 0.201619
QFQ2, 490, 0.205876
QFQ2, 500, 0.210117
QFQ2, 510, 0.21434
QFQ2, 520, 0.218544
QFQ2, 530, 0.222728
QFQ2, 540, 0.226891
QFQ2, 550, 0.231031
QFQ2, 560, 0.235148
QFQ2, 570, 0.239241
QFQ2, 580, 0.243307
QFQ2, 590, 0.247347
QFQ2, 600, 0.251359
QFQ2, 610, 0.255342
QFQ2, 620, 0.259295
QFQ2, 630, 0.263217
QFQ2, 640, 0.267106
QFQ2, 650, 0.270963
QFQ2, 660, 0.274786
QFQ2, 670, 0.278573
QFQ2, 680, 0.282325
QFQ2, 690, 0.286039
QFQ2, 700, 0.289716
QFQ2, 710, 0.293353
QFQ2, 720, 0.296951
QFQ2, 730, 0.300509
QFQ2, 740, 0.304024
QFQ2, 750, 0.307498
QFQ2, 760, 0.310928
QFQ2, 770, 0.314315
QFQ2, 780, 0.317656
QFQ2, 790, 0.320952
QFQ2, 800, 0.324202
QFQ2, 810, 0.327405
QFQ2, 820, 0.330561
QFQ2, 830, 0.333668
QFQ2, 840, 0.336726
QFQ2, 850, 0.339734
QFQ2, 860, 0.342692
QFQ2, 870, 0.3456
QFQ2, 880, 0.348457
QFQ2, 890, 0.351261
QFQ2, 900, 0.354014
QFQ2, 910, 0.356714
QFQ2, 920, 0.359361
QFQ2, 930, 0.361954
QFQ2, 940, 0.364494
QFQ2, 950, 0.36698
QFQ2, 960, 0.369411
QFQ2, 970, 0.371788
QFQ2, 980, 0.37411
QFQ2, 990, 0.376377
QFQ2, 1000, 0.37859
QPQ1, 0, 0.00197235
QPQ1, 10, 0.00465864
QPQ1, 20, 0.00738712
QPQ1, 30, 0.0101565
QPQ1, 40, 0.0129654
QPQ1, 50, 0.0158126
QPQ1, 60, 0.0186967
QPQ1, 70, 0.0216165
QPQ1, 80, 0.0245705
QPQ1, 90, 0.0275576
QPQ1, 100, 0.0305763
QPQ1, 110, 0.0336254
QPQ1, 120, 0.0367035
QPQ1, 130, 0.0398095
QPQ1, 140, 0.0429419
QPQ1, 150, 0.0460995
QPQ1, 160, 0.049281
QPQ1, 170, 0.0524852
QPQ1, 180, 0.0557107
QPQ1, 190, 0.0589563
QPQ1, 200, 0.0622208
QPQ1, 210, 0.0655029
QPQ1, 220, 0.0688013
QPQ1, 230, 0.0721149
QPQ1, 240, 0.0754424
QPQ1, 250, 0.0787825
QPQ1, 260, 0.0821342
QPQ1, 270, 0.0854961
QPQ1, 280, 0.0888671
QPQ1, 290, 0.0922461
QPQ1, 300, 0.0956318
QPQ1, 310, 0.0990231
QPQ1, 320, 0.102419
QPQ1, 330, 0.105818
QPQ1, 340, 0.109219
QPQ1, 350, 0.112622
QPQ1, 360, 0.116025
QPQ1, 370, 0.119426
QPQ1, 380, 0.122825
QPQ1, 390, 0.126222
QPQ1, 400, 0.129614
QPQ1, 410, 0.133001
QPQ1, 420, 0.136381
QPQ1, 430, 0.139754
QPQ1, 440, 0.14312
QPQ1, 450, 0.146476
QPQ1, 460, 0.149822
QPQ1, 470, 0.153156
QPQ1, 480, 0.156479
QPQ1, 490, 0.159789
QPQ1, 500, 0.163086
QPQ1, 510, 0.166367
QPQ1, 520, 0.169634
QPQ1, 530, 0.172884
QPQ1, 540, 0.176116
QPQ1, 550, 0.179331
QPQ1, 560, 0.182527
QPQ1, 570, 0.185704
QPQ1, 580, 0.188861
QPQ1, 590, 0.191996
QPQ1, 600, 0.19511
QPQ1, 610, 0.198202
QPQ1, 620, 0.201271
QPQ1, 630, 0.204316
QPQ1, 640, 0.207336
QPQ1, 650, 0.210332
QPQ1, 660, 0.213302
QPQ1, 670, 0.216246
QPQ1, 680, 0.219164
QPQ1, 690, 0.222054
QPQ1, 700, 0.224916
QPQ1, 710, 0.22775
QPQ1, 720, 0.230556
QPQ1, 730, 0.233332
QPQ1, 740, 0.236078
QPQ1, 750, 0.238795
QPQ1, 760, 0.241481
QPQ1, 770, 0.244136
QPQ1, 780, 0.24676
QPQ1, 790, 0.249352
QPQ1, 800, 0.251912
QPQ1, 810, 0.25444
QPQ1, 820, 0.256935
QPQ1, 830, 0.259397
QPQ1, 840, 0.261827
QPQ1, 850, 0.264223
QPQ1, 860, 0.266585
QPQ1, 870, 0.268914
QPQ1, 880, 0.271209
QPQ1, 890, 0.273469
QPQ1, 900, 0.275696
QPQ1, 910, 0.277888
QPQ1, 920, 0.280045
QPQ1, 930, 0.282168
QPQ1, 940, 0.284256
QPQ1, 950, 0.28631
QPQ1, 960, 0.288328
QPQ1, 970, 0.290313
QPQ1, 980, 0.292262
QPQ1, 990, 0.294176
QPQ1, 1000, 0.296056
QPQ2, 0, -0.000838061
QPQ2, 10, -0.00466065
QPQ2, 20, -0.00847516
QPQ2, 30, -0.0122829
QPQ2, 40, -0.0160851
QPQ2, 50, -0.0198831
QPQ2, 60, -0.0236778
QPQ2, 70, -0.0274704
QPQ2, 80, -0.031262
QPQ2, 90, -0.0350533
QPQ2, 100, -0.0388454
QPQ2, 110, -0.042639
QPQ2, 120, -0.046435
QPQ2, 130, -0.050234
QPQ2, 140, -0.0540368
QPQ2, 150, -0.0578439
QPQ2, 160, -0.061656
QPQ2, 170, -0.0654735
QPQ2, 180, -0.0692968
QPQ2, 190, -0.0731265
QPQ2, 200, -0.0769629
QPQ2, 210, -0.0808063
QPQ2, 220, -0.0846569
QPQ2, 230, -0.0885152
QPQ2, 240, -0.0923811
QPQ2, 250, -0.0962549
QPQ2, 260, -0.100137
QPQ2, 270, -0.104027
QPQ2, 280, -0.107925
QPQ2, 290, -0.111831
QPQ2, 300, -0.115745
QPQ2, 310, -0.119667
QPQ2, 320, -0.123597
QPQ2, 330, -0.127534
QPQ2, 340, -0.131479
QPQ2, 350, -0.135432
QPQ2, 360, -0.139391
QPQ2, 370, -0.143358
QPQ2, 380, -0.147331
QPQ2, 390, -0.15131
QPQ2, 400, -0.155295
QPQ2, 410, -0.159285
QPQ2, 420, -0.16328
QPQ2, 430, -0.16728
QPQ2, 440, -0.171284
QPQ2, 450, -0.175292
QPQ2, 460, -0.179303
QPQ2, 470, -0.183317
QPQ2, 480, -0.187332
QPQ2, 490, -0.191349
QPQ2, 500, -0.195368
QPQ2, 510, -0.199386
QPQ2, 520, -0.203404
QPQ2, 530, -0.207422
QPQ2, 540, -0.211437
QPQ2, 550, -0.215451
QPQ2, 560, -0.219462
QPQ2, 570, -0.223469
QPQ2, 580, -0.227472
QPQ2, 590, -0.23147
QPQ2, 600, -0.235462
QPQ2, 610, -0.239448
QPQ2, 620, -0.243427
QPQ2, 630, -0.247397
QPQ2, 640, -0.25136
QPQ2, 650, -0.255312
QPQ2, 660, -0.259255
QPQ2, 670, -0.263187
QPQ2, 680, -0.267107
QPQ2, 690, -0.271014
QPQ2, 700, -0.274908
QPQ2, 710, -0.278788
QPQ2, 720, -0.282653
QPQ2, 730, -0.286503
QPQ2, 740, -0.290336
QPQ2, 750, -0.294152
QPQ2, 760, -0.29795
QPQ2, 770, -0.301729
QPQ2, 780, -0.305489
QPQ2, 790, -0.309228
QPQ2, 800, -0.312946
QPQ2, 810, -0.316642
QPQ2, 820, -0.320316
QPQ2, 830, -0.323966
QPQ2, 840, -0.327592
QPQ2, 850, -0.331193
QPQ2, 860, -0.334768
QPQ2, 870, -0.338317
QPQ2, 880, -0.341839
QPQ2, 890, -0.345333
QPQ2, 900, -0.348798
QPQ2, 910, -0.352235
QPQ2, 920, -0.355641
QPQ2, 930, -0.359017
QPQ2, 940, -0.362361
QPQ2, 950, -0.365674
QPQ2, 960, -0.368954
QPQ2, 970, -0.372201
QPQ2, 980, -0.375414
QPQ2, 990, -0.378593
QPQ2, 1000, -0.381736
QPQ3, 0, 0.000191925
QPQ3, 10, 0.00256381
QPQ3, 20, 0.00493604
QPQ3, 30, 0.00731028
QPQ3, 40, 0.00968801
QPQ3, 50, 0.0120705
QPQ3, 60, 0.014459
QPQ3, 70, 0.0168544
QPQ3, 80, 0.0192575
QPQ3, 90, 0.021669
QPQ3, 100, 0.0240895
QPQ3, 110, 0.0265193
QPQ3, 120, 0.0289587
QPQ3, 130, 0.0314079
QPQ3, 140, 0.0338668
QPQ3, 150, 0.0363354
QPQ3, 160, 0.0388136
QPQ3, 170, 0.0413009
QPQ3, 180, 0.0437971
QPQ3, 190, 0.0463016
QPQ3, 200, 0.048814
QPQ3, 210, 0.0513335
QPQ3, 220, 0.0538595
QPQ3, 230, 0.0563911
QPQ3, 240, 0.0589276
QPQ3, 250, 0.061468
QPQ3, 260, 0.0640114
QPQ3, 270, 0.0665568
QPQ3, 280, 0.0691031
QPQ3, 290, 0.0716493
QPQ3, 300, 0.0741942
QPQ3, 310, 0.0767366
QPQ3, 320, 0.0792755
QPQ3, 330, 0.0818096
QPQ3, 340, 0.0843376
QPQ3, 350, 0.0868583
QPQ3, 360, 0.0893705
QPQ3, 370, 0.0918729
QPQ3, 380, 0.0943642
QPQ3, 390, 0.0968433
QPQ3, 400, 0.0993087
QPQ3, 410, 0.101759
QPQ3, 420, 0.104194
QPQ3, 430, 0.106611
QPQ3, 440, 0.10901
QPQ3, 450, 0.111388
QPQ3, 460, 0.113746
QPQ3, 470, 0.116082
QPQ3, 480, 0.118395
QPQ3, 490, 0.120683
QPQ3, 500, 0.122945
QPQ3, 510, 0.125182
QPQ3, 520, 0.12739
QPQ3, 530, 0.12957
QPQ3, 540, 0.131721
QPQ3, 550, 0.133842
QPQ3, 560, 0.135931
QPQ3, 570, 0.137988
QPQ3, 580, 0.140013
QPQ3, 590, 0.142003
QPQ3, 600, 0.14396
QPQ3, 610, 0.145882
QPQ3, 620, 0.147769
QPQ3, 630, 0.14962
QPQ3, 640, 0.151434
QPQ3, 650, 0.153211
QPQ3, 660, 0.154952
QPQ3, 670, 0.156655
QPQ3, 680, 0.15832
QPQ3, 690, 0.159947
QPQ3, 700, 0.161536
QPQ3, 710, 0.163087
QPQ3, 720, 0.1646
QPQ3, 730, 0.166075
QPQ3, 740, 0.167511
QPQ3, 750, 0.16891
QPQ3, 760, 0.170271
QPQ3, 770, 0.171594
QPQ3, 780, 0.17288
QPQ3, 790, 0.174129
QPQ3, 800, 0.175342
QPQ3, 810, 0.176519
QPQ3, 820, 0.17766
QPQ3, 830, 0.178766
QPQ3, 840, 0.179838
QPQ3, 850, 0.180877
QPQ3, 860, 0.181882
QPQ3, 870, 0.182855
QPQ3, 880, 0.183797
QPQ3, 890, 0.184708
QPQ3, 900, 0.18559
QPQ3, 910, 0.186443
QPQ3, 920, 0.187268
QPQ3, 930, 0.188066
QPQ3, 940, 0.188839
QPQ3, 950, 0.189587
QPQ3, 960, 0.190311
QPQ3, 970, 0.191013
QPQ3, 980, 0.191693
QPQ3, 990, 0.192353
QPQ3, 1000, 0.192995
